transaction_uuid,customer_uuid,merchant_uuid,transaction_amount,transaction_timestamp,transaction_location,customer_device_id,customer_ip_address
TXN0001,CUST0311,MER0115,22472.66,2025-03-11 21:04:24.253639,Ahmedabad,DEV21939,47.241.222.45
TXN0002,CUST0277,MER0083,24022.71,2025-07-18 01:56:24.254724,Chennai,DEV18130,186.151.104.16
TXN0003,CUST0394,MER0113,49324.79,2025-05-20 13:16:24.255307,Bangalore,DEV69714,89.238.240.118
TXN0004,CUST0739,MER0190,26106.19,2025-03-11 02:40:24.255811,Kolkata,DEV75395,185.75.238.76
TXN0005,CUST0021,MER0033,28362.12,2026-01-03 22:00:24.264495,Kolkata,DEV96951,36.68.135.59
TXN0006,CUST0251,MER0285,42793.95,2025-05-08 12:59:24.265011,Bangalore,DEV25437,130.27.36.241
TXN0007,CUST0542,MER0002,7463.32,2026-02-16 19:08:24.265505,Pune,DEV51999,112.23.251.11
TXN0008,CUST0002,MER0247,9679.02,2026-01-02 06:38:24.266086,Pune,DEV10851,50.216.174.142
TXN0009,CUST0824,MER0140,29313.76,2025-04-11 17:15:24.266750,Hyderabad,DEV68114,173.31.160.49
TXN0010,CUST0484,MER0101,44513.95,2025-09-14 04:03:24.267316,Hyderabad,DEV67164,118.18.103.81
TXN0011,CUST0778,MER0124,26628.97,2025-06-19 22:30:24.267876,Mumbai,DEV15863,163.120.179.55
TXN0012,CUST0106,MER0290,44797.31,2025-10-31 16:02:24.268482,Mumbai,DEV40903,108.41.191.114
TXN0013,CUST0423,MER0274,49797.84,2026-01-21 02:14:24.269006,Ahmedabad,DEV28558,135.9.241.23
TXN0014,CUST0227,MER0110,10931.34,2026-01-09 04:41:24.269578,Mumbai,DEV90134,66.53.254.72
TXN0015,CUST0419,MER0062,49565.87,2025-04-03 11:01:24.270076,Ahmedabad,DEV39602,10.196.246.62
TXN0016,CUST0096,MER0175,46179.12,2025-04-20 02:52:24.270591,Kolkata,DEV67961,171.155.140.28
TXN0017,CUST0550,MER0124,2218.09,2025-03-11 21:23:24.271104,Bangalore,DEV52157,97.107.235.168
TXN0018,CUST0713,MER0004,46312.15,2025-06-21 23:07:24.271600,Pune,DEV55685,191.150.239.253
TXN0019,CUST0103,MER0046,25189.99,2025-11-01 11:40:24.271998,Mumbai,DEV41133,123.145.229.119
TXN0020,CUST0358,MER0183,37668.84,2025-05-18 07:47:24.272418,Mumbai,DEV66369,92.45.57.211
TXN0021,CUST0643,MER0293,1077.86,2025-10-09 23:46:24.272800,Bangalore,DEV98740,140.69.245.254
TXN0022,CUST0047,MER0092,9800.84,2025-11-11 23:49:24.273203,Kolkata,DEV55056,118.169.180.232
TXN0023,CUST0678,MER0231,11289.0,2025-12-21 04:50:24.273592,Chennai,DEV55789,102.71.150.235
TXN0024,CUST0775,MER0154,41738.97,2025-07-21 01:13:24.273970,Delhi,DEV33433,123.236.8.225
TXN0025,CUST0163,MER0243,18910.53,2025-12-01 18:55:24.274351,Bangalore,DEV98346,120.91.54.49
TXN0026,CUST0915,MER0216,5435.14,2025-12-08 23:53:24.274720,Bangalore,DEV86037,182.215.201.20
TXN0027,CUST0446,MER0118,34987.38,2025-12-03 21:12:24.275089,Hyderabad,DEV33891,54.78.82.121
TXN0028,CUST0162,MER0273,33029.23,2025-11-08 15:30:24.275459,Bangalore,DEV76287,126.191.30.247
TXN0029,CUST0814,MER0228,13965.98,2025-10-16 10:44:24.275831,Mumbai,DEV33491,48.240.34.2
TXN0030,CUST0303,MER0193,38630.18,2025-07-04 03:02:24.276223,Delhi,DEV89498,130.246.87.112
TXN0031,CUST0130,MER0028,11494.59,2025-03-05 12:03:24.276634,Delhi,DEV82070,81.60.65.49
TXN0032,CUST0405,MER0298,35625.32,2025-12-20 04:24:24.277016,Bangalore,DEV20494,46.143.238.40
TXN0033,CUST0238,MER0065,12031.74,2026-02-01 13:03:24.277393,Delhi,DEV78493,117.57.212.76
TXN0034,CUST0566,MER0043,16962.21,2025-05-28 03:41:24.277764,Kolkata,DEV91778,64.122.246.169
TXN0035,CUST0140,MER0092,2210.49,2025-06-20 23:49:24.278152,Chennai,DEV47409,175.30.45.118
TXN0036,CUST0092,MER0266,7399.63,2025-07-16 03:30:24.278522,Delhi,DEV12456,127.39.160.219
TXN0037,CUST0330,MER0236,8240.09,2025-10-08 19:56:24.278887,Mumbai,DEV14607,179.182.166.243
TXN0038,CUST0799,MER0014,38767.46,2025-03-11 05:02:24.279262,Mumbai,DEV40783,17.148.137.110
TXN0039,CUST0169,MER0300,4062.35,2025-03-11 23:27:24.279632,Delhi,DEV86791,179.194.43.151
TXN0040,CUST0916,MER0276,32380.91,2026-01-28 09:10:24.279997,Mumbai,DEV13360,65.92.12.168
TXN0041,CUST0362,MER0161,18958.46,2025-12-30 13:16:24.280406,Kolkata,DEV60940,179.138.184.55
TXN0042,CUST0268,MER0082,4261.17,2025-12-13 10:15:24.280814,Ahmedabad,DEV75191,177.9.52.206
TXN0043,CUST0535,MER0040,7537.36,2025-10-02 13:18:24.281244,Mumbai,DEV98712,144.206.202.135
TXN0044,CUST0481,MER0021,101448.44,2025-07-03 05:55:24.281657,Bangalore,DEV42933,169.232.92.9
TXN0045,CUST0387,MER0177,31837.03,2026-01-12 18:11:24.282039,Kolkata,DEV50407,190.161.16.139
TXN0046,CUST0415,MER0194,28154.45,2025-10-29 16:48:24.282411,Kolkata,DEV19924,173.232.141.218
TXN0047,CUST0330,MER0190,33069.58,2025-08-23 20:05:24.282777,Bangalore,DEV14607,179.182.166.243
TXN0048,CUST0385,MER0022,27631.64,2026-02-06 09:27:24.283145,Mumbai,DEV70374,147.171.236.211
TXN0049,CUST0247,MER0211,30109.1,2025-04-18 12:28:24.283522,Hyderabad,DEV94848,162.144.152.55
TXN0050,CUST0018,MER0270,9246.47,2026-01-25 04:40:24.283894,Mumbai,DEV40828,113.61.126.20
TXN0051,CUST0887,MER0201,12648.23,2025-06-02 02:01:24.284296,Mumbai,DEV77305,32.239.97.37
TXN0052,CUST0751,MER0133,48107.98,2025-04-04 00:22:24.284672,Ahmedabad,DEV69910,40.199.5.155
TXN0053,CUST0954,MER0128,25788.01,2025-08-17 07:09:24.285038,Chennai,DEV54276,93.204.68.105
TXN0054,CUST0066,MER0205,13397.29,2025-12-09 08:53:24.285407,Bangalore,DEV99705,83.116.46.222
TXN0055,CUST0634,MER0152,36302.22,2025-06-04 11:16:24.285771,Kolkata,DEV14814,58.72.153.110
TXN0056,CUST0163,MER0011,12143.38,2025-07-27 07:49:24.286134,Hyderabad,DEV98346,120.91.54.49
TXN0057,CUST0866,MER0271,21550.14,2026-01-04 20:08:24.286496,Kolkata,DEV48170,88.81.156.243
TXN0058,CUST0895,MER0021,41103.63,2025-09-30 09:33:24.286861,Bangalore,DEV71782,14.140.165.23
TXN0059,CUST0769,MER0192,37885.32,2026-02-06 00:32:24.287226,Chennai,DEV49968,151.107.62.190
TXN0060,CUST0378,MER0175,27178.03,2025-11-23 20:45:24.287590,Mumbai,DEV92396,152.106.25.94
TXN0061,CUST0482,MER0194,15393.4,2025-10-06 20:25:24.287957,Mumbai,DEV36299,103.236.75.123
TXN0062,CUST0749,MER0056,18424.91,2025-05-18 07:25:24.288358,Bangalore,DEV34123,70.133.224.63
TXN0063,CUST0283,MER0170,36277.48,2025-12-20 15:18:24.288737,Mumbai,DEV41502,174.124.20.164
TXN0064,CUST0349,MER0020,14491.91,2025-04-06 04:03:24.289165,Kolkata,DEV23829,173.183.234.218
TXN0065,CUST0939,MER0111,10454.77,2025-08-29 23:04:24.289605,Kolkata,DEV99660,188.28.21.96
TXN0066,CUST0905,MER0063,19742.05,2025-11-06 01:06:24.289999,Delhi,DEV24566,40.151.64.177
TXN0067,CUST0729,MER0233,26315.31,2025-12-25 12:54:24.290371,Chennai,DEV62026,138.220.170.27
TXN0068,CUST0094,MER0102,24634.13,2025-12-20 17:16:24.290820,Hyderabad,DEV76910,172.58.99.178
TXN0069,CUST0041,MER0209,42742.13,2026-01-19 02:59:24.291193,Ahmedabad,DEV25012,51.159.55.13
TXN0070,CUST0336,MER0200,14323.32,2025-06-15 16:08:24.291561,Bangalore,DEV11075,69.46.77.7
TXN0071,CUST0841,MER0014,49863.18,2026-02-11 11:51:24.291934,Hyderabad,DEV60700,182.246.17.133
TXN0072,CUST0115,MER0282,6404.07,2025-04-27 12:58:24.292338,Mumbai,DEV68447,164.218.85.227
TXN0073,CUST0387,MER0171,23618.93,2025-03-04 14:41:24.292742,Kolkata,DEV50407,190.161.16.139
TXN0074,CUST0611,MER0062,48018.82,2025-07-30 05:01:24.293154,Chennai,DEV26342,80.32.175.15
TXN0075,CUST0625,MER0178,6704.98,2026-01-29 03:38:24.293553,Delhi,DEV47098,82.99.201.49
TXN0076,CUST0892,MER0270,31968.03,2025-05-08 20:51:24.293926,Kolkata,DEV67481,112.101.105.194
TXN0077,CUST0407,MER0272,23872.57,2026-02-13 11:49:24.294296,Pune,DEV49855,154.133.31.242
TXN0078,CUST0835,MER0081,47080.59,2025-04-22 10:25:24.294668,Bangalore,DEV62527,161.14.83.85
TXN0079,CUST0463,MER0141,16766.21,2025-07-28 03:52:24.295039,Kolkata,DEV22648,41.105.102.94
TXN0080,CUST0713,MER0151,6511.32,2025-05-28 16:10:24.295401,Mumbai,DEV55685,191.150.239.253
TXN0081,CUST0646,MER0011,38903.14,2025-09-07 22:26:24.295767,Pune,DEV48475,77.109.1.201
TXN0082,CUST0990,MER0024,25971.77,2026-01-09 02:10:24.296160,Bangalore,DEV93142,181.202.9.148
TXN0083,CUST0867,MER0010,46942.87,2025-11-21 04:24:24.296566,Chennai,DEV37742,159.155.75.6
TXN0084,CUST0408,MER0046,40910.43,2026-02-13 17:48:24.296971,Ahmedabad,DEV76269,29.142.129.67
TXN0085,CUST0963,MER0109,5006.29,2025-11-29 23:41:24.297347,Hyderabad,DEV77295,81.12.250.163
TXN0086,CUST0838,MER0221,25458.7,2025-11-25 16:21:24.297718,Delhi,DEV37851,130.192.237.124
TXN0087,CUST0868,MER0249,21229.43,2025-05-15 09:00:24.298084,Bangalore,DEV75679,90.191.193.248
TXN0088,CUST0538,MER0136,14527.14,2026-02-07 02:42:24.298445,Kolkata,DEV47156,65.93.250.1
TXN0089,CUST0006,MER0271,49257.49,2025-11-19 19:38:24.298808,Chennai,DEV84341,90.108.255.202
TXN0090,CUST0684,MER0282,36835.54,2025-06-02 01:31:24.299172,Mumbai,DEV23683,29.185.171.14
TXN0091,CUST0661,MER0192,30729.28,2025-12-26 04:51:24.299535,Hyderabad,DEV26899,84.23.31.97
TXN0092,CUST0711,MER0010,30288.05,2026-02-02 13:34:24.299897,Delhi,DEV89515,18.60.175.177
TXN0093,CUST0293,MER0294,9097.08,2026-02-18 07:29:24.300300,Kolkata,DEV50065,187.78.186.161
TXN0094,CUST0170,MER0207,37813.37,2025-03-02 11:18:24.300680,Pune,DEV21995,11.157.227.184
TXN0095,CUST0587,MER0193,43480.3,2025-03-27 20:04:24.301096,Ahmedabad,DEV69105,52.129.106.22
TXN0096,CUST0535,MER0152,7267.6,2025-08-23 11:33:24.301471,Chennai,DEV98712,144.206.202.135
TXN0097,CUST0579,MER0053,14727.43,2025-06-15 20:21:24.301838,Chennai,DEV99884,113.153.166.11
TXN0098,CUST0912,MER0098,5426.66,2025-11-04 20:08:24.302205,Bangalore,DEV86674,53.249.149.115
TXN0099,CUST0441,MER0207,28200.12,2026-01-29 16:18:24.302569,Mumbai,DEV99158,118.141.27.32
TXN0100,CUST0485,MER0080,19905.71,2025-12-28 15:09:24.302938,Pune,DEV12609,24.42.160.152
TXN0101,CUST0032,MER0227,8703.99,2025-11-08 20:22:24.303302,Chennai,DEV64321,171.99.196.253
TXN0102,CUST0226,MER0167,33510.63,2025-04-24 18:16:24.303681,Chennai,DEV32983,106.157.150.65
TXN0103,CUST0533,MER0071,32866.39,2025-05-16 05:04:24.304050,Kolkata,DEV92279,180.119.179.153
TXN0104,CUST0919,MER0177,48001.43,2025-03-25 02:48:24.304445,Pune,DEV91500,137.95.195.103
TXN0105,CUST0563,MER0076,20317.48,2025-08-27 12:14:24.304812,Bangalore,DEV86614,121.183.159.74
TXN0106,CUST0273,MER0048,39182.21,2025-08-15 11:33:24.305176,Hyderabad,DEV86692,133.90.88.65
TXN0107,CUST0075,MER0111,756.51,2025-06-25 16:51:24.305568,Bangalore,DEV83584,93.113.32.237
TXN0108,CUST0827,MER0271,15691.6,2025-09-08 02:41:24.305942,Chennai,DEV21284,154.237.45.59
TXN0109,CUST0409,MER0278,7456.11,2025-05-02 20:03:24.306314,Kolkata,DEV40958,134.92.16.175
TXN0110,CUST0042,MER0016,208140.84999999998,2025-12-04 14:09:24.306684,Hyderabad,DEV49529,185.61.21.177
TXN0111,CUST0401,MER0200,3139.62,2026-01-30 02:04:24.307054,Pune,DEV46989,17.120.221.201
TXN0112,CUST0077,MER0042,66838.14,2025-04-19 19:05:24.307419,Kolkata,DEV74139,167.208.143.16
TXN0113,CUST0541,MER0029,30607.26,2025-10-08 03:39:24.307786,Delhi,DEV85609,23.96.243.9
TXN0114,CUST0330,MER0028,22662.31,2025-11-28 09:24:24.308168,Chennai,DEV14607,179.182.166.243
TXN0115,CUST0973,MER0227,32107.24,2025-04-12 01:54:24.308570,Hyderabad,DEV87088,102.33.134.163
TXN0116,CUST0287,MER0139,850.73,2025-06-18 15:29:24.308961,Kolkata,DEV92603,113.221.161.8
TXN0117,CUST0060,MER0230,44272.92,2025-08-04 16:15:24.309331,Bangalore,DEV39451,39.236.60.78
TXN0118,CUST0353,MER0010,27777.67,2026-01-10 06:02:24.309697,Ahmedabad,DEV84774,112.111.39.166
TXN0119,CUST0846,MER0243,46142.22,2026-02-03 00:21:24.310063,Delhi,DEV61932,73.89.43.48
TXN0120,CUST0270,MER0012,19869.97,2025-06-03 08:23:24.310427,Kolkata,DEV69314,39.49.113.1
TXN0121,CUST0200,MER0102,10141.3,2025-11-01 02:58:24.310793,Bangalore,DEV76784,58.200.151.27
TXN0122,CUST0322,MER0184,35748.8,2025-12-01 23:35:24.311157,Pune,DEV65567,63.214.190.186
TXN0123,CUST0558,MER0041,23218.11,2025-11-15 00:14:24.311521,Delhi,DEV92090,95.128.126.55
TXN0124,CUST0168,MER0001,18997.68,2025-11-06 16:42:24.311892,Hyderabad,DEV19963,97.203.167.15
TXN0125,CUST0508,MER0280,28676.05,2025-09-03 17:50:24.312284,Chennai,DEV50645,185.67.183.49
TXN0126,CUST0077,MER0280,14843.44,2025-10-14 11:54:24.312657,Bangalore,DEV74139,167.208.143.16
TXN0127,CUST0331,MER0025,7051.15,2025-08-08 20:25:24.313025,Mumbai,DEV78610,173.158.177.246
TXN0128,CUST0097,MER0221,13776.84,2026-01-30 22:29:24.313390,Chennai,DEV87867,139.196.236.21
TXN0129,CUST0852,MER0053,19924.0,2025-05-30 01:58:24.313787,Bangalore,DEV54642,91.177.227.77
TXN0130,CUST0759,MER0256,33367.15,2025-12-02 00:53:24.314170,Mumbai,DEV23226,40.255.118.26
TXN0131,CUST0655,MER0048,43910.29,2025-05-01 12:05:24.314548,Bangalore,DEV16678,107.208.156.118
TXN0132,CUST0199,MER0134,25976.03,2025-07-28 00:21:24.314915,Hyderabad,DEV60335,99.219.161.71
TXN0133,CUST0504,MER0225,11700.89,2025-07-23 22:02:24.315282,Chennai,DEV86486,11.92.213.39
TXN0134,CUST0869,MER0264,8869.06,2025-03-15 19:31:24.315650,Mumbai,DEV39400,48.142.61.100
TXN0135,CUST0587,MER0231,47988.77,2026-02-15 14:07:24.316013,Pune,DEV69105,52.129.106.22
TXN0136,CUST0950,MER0061,22684.15,2025-03-06 04:32:24.316567,Ahmedabad,DEV52160,104.19.73.53
TXN0137,CUST0415,MER0266,38996.49,2025-12-14 05:34:24.317226,Mumbai,DEV19924,173.232.141.218
TXN0138,CUST0148,MER0044,32948.94,2025-12-02 00:43:24.317832,Hyderabad,DEV83912,24.236.157.11
TXN0139,CUST0164,MER0045,49607.62,2025-03-16 08:34:24.318393,Mumbai,DEV84055,72.115.153.41
TXN0140,CUST0553,MER0230,46853.57,2025-03-12 21:32:24.318926,Bangalore,DEV49738,66.119.252.185
TXN0141,CUST0536,MER0090,3646.94,2025-05-11 01:37:24.319324,Pune,DEV73539,192.234.66.60
TXN0142,CUST0774,MER0021,27880.75,2025-05-29 08:40:24.319697,Chennai,DEV15060,167.140.185.137
TXN0143,CUST0624,MER0278,14447.32,2025-05-24 05:47:24.320061,Bangalore,DEV33464,134.200.153.81
TXN0144,CUST0039,MER0170,39921.27,2025-04-23 07:11:24.320549,Chennai,DEV65255,74.41.240.9
TXN0145,CUST0556,MER0222,48750.72,2025-04-26 07:13:24.320979,Kolkata,DEV74955,102.22.114.24
TXN0146,CUST0299,MER0067,14913.88,2025-04-22 19:03:24.321356,Delhi,DEV87028,177.39.128.192
TXN0147,CUST0291,MER0178,22598.66,2025-05-23 13:28:24.321774,Mumbai,DEV43127,59.58.92.27
TXN0148,CUST0452,MER0047,17853.32,2025-11-27 22:00:24.322161,Pune,DEV83535,32.110.227.212
TXN0149,CUST0490,MER0101,26968.11,2025-03-28 00:56:24.322529,Ahmedabad,DEV67520,171.162.208.17
TXN0150,CUST0799,MER0040,48176.55,2026-01-25 06:17:24.322952,Ahmedabad,DEV40783,17.148.137.110
TXN0151,CUST0545,MER0253,19229.88,2025-12-12 10:21:24.323334,Pune,DEV40997,136.197.58.137
TXN0152,CUST0736,MER0079,41853.88,2025-12-22 19:24:24.323717,Chennai,DEV53743,142.247.57.138
TXN0153,CUST0768,MER0020,39528.5,2025-05-30 19:14:24.324155,Mumbai,DEV80964,138.53.27.177
TXN0154,CUST0191,MER0122,18440.36,2025-03-07 21:01:24.324593,Mumbai,DEV42447,183.201.250.72
TXN0155,CUST0889,MER0185,37780.8,2025-08-11 17:11:24.325035,Hyderabad,DEV39214,159.167.234.102
TXN0156,CUST0583,MER0020,1541.4,2025-12-26 00:40:24.325422,Bangalore,DEV66649,191.243.81.158
TXN0157,CUST0351,MER0192,13423.44,2025-11-25 13:32:24.325830,Ahmedabad,DEV43303,102.231.229.203
TXN0158,CUST0201,MER0072,17657.47,2025-04-19 20:46:24.326253,Chennai,DEV51480,43.198.215.187
TXN0159,CUST0137,MER0273,36970.63,2025-10-12 17:04:24.326651,Chennai,DEV81197,107.202.176.74
TXN0160,CUST0200,MER0280,48024.13,2025-05-10 02:36:24.327042,Pune,DEV76784,58.200.151.27
TXN0161,CUST0082,MER0168,9338.22,2025-09-07 05:58:24.327442,Ahmedabad,DEV72781,112.218.55.251
TXN0162,CUST0968,MER0176,19459.94,2025-05-09 00:32:24.327855,Chennai,DEV25987,24.71.102.41
TXN0163,CUST0228,MER0176,26491.75,2025-03-12 18:51:24.328259,Chennai,DEV42707,187.34.179.131
TXN0164,CUST0963,MER0259,26597.350000000002,2025-02-28 17:34:24.328658,Kolkata,DEV77295,81.12.250.163
TXN0165,CUST0270,MER0198,47479.36,2025-05-16 19:56:24.329123,Hyderabad,DEV69314,39.49.113.1
TXN0166,CUST0792,MER0148,41244.85,2025-11-05 05:45:24.329503,Kolkata,DEV68304,143.64.232.151
TXN0167,CUST0123,MER0263,41218.19,2026-01-20 01:59:24.329871,Ahmedabad,DEV35729,172.140.64.155
TXN0168,CUST0169,MER0025,9965.4,2025-03-03 19:20:24.330239,Chennai,DEV86791,179.194.43.151
TXN0169,CUST0039,MER0045,41929.76,2025-11-11 17:38:24.330605,Delhi,DEV65255,74.41.240.9
TXN0170,CUST0465,MER0056,16345.12,2025-09-12 23:51:24.330976,Chennai,DEV72221,103.94.225.54
TXN0171,CUST0375,MER0110,40878.77,2025-06-28 06:03:24.331366,Delhi,DEV57571,31.196.81.193
TXN0172,CUST0437,MER0230,42579.45,2026-02-04 05:18:24.331739,Kolkata,DEV27394,101.151.122.46
TXN0173,CUST0154,MER0056,14181.11,2026-01-14 04:08:24.332128,Hyderabad,DEV17989,152.89.218.253
TXN0174,CUST0393,MER0271,47399.28,2025-12-26 07:20:24.332545,Ahmedabad,DEV87693,171.228.182.159
TXN0175,CUST0620,MER0068,37890.66,2026-02-23 21:34:24.332947,Bangalore,DEV21492,38.45.174.96
TXN0176,CUST0527,MER0270,27894.66,2025-09-01 17:47:24.333321,Bangalore,DEV11303,142.35.43.173
TXN0177,CUST0571,MER0220,20809.99,2025-09-13 11:25:24.333699,Pune,DEV71691,179.33.85.198
TXN0178,CUST0461,MER0276,22115.65,2025-09-28 00:49:24.334065,Ahmedabad,DEV25544,66.65.72.116
TXN0179,CUST0523,MER0173,49157.86,2025-03-21 21:23:24.334429,Hyderabad,DEV29815,186.53.25.224
TXN0180,CUST0433,MER0187,39832.16,2025-09-17 07:04:24.334795,Kolkata,DEV69996,59.183.138.103
TXN0181,CUST0132,MER0156,47900.68,2025-12-29 03:06:24.335158,Pune,DEV54089,139.250.153.243
TXN0182,CUST0027,MER0070,46629.4,2026-02-24 04:55:24.335522,Bangalore,DEV44237,55.135.19.55
TXN0183,CUST0382,MER0118,29320.7,2025-11-01 03:42:24.335886,Bangalore,DEV33580,166.119.148.99
TXN0184,CUST0846,MER0060,39967.61,2025-09-18 03:44:24.336278,Mumbai,DEV61932,73.89.43.48
TXN0185,CUST0493,MER0018,26094.13,2025-04-08 09:30:24.336673,Bangalore,DEV72700,44.133.88.167
TXN0186,CUST0291,MER0156,14225.3,2025-06-05 13:18:24.337043,Pune,DEV43127,59.58.92.27
TXN0187,CUST0635,MER0252,7212.18,2025-03-10 22:30:24.337411,Ahmedabad,DEV60040,176.83.204.233
TXN0188,CUST0808,MER0226,35970.85,2025-09-30 09:31:24.337777,Bangalore,DEV28844,171.42.48.86
TXN0189,CUST0133,MER0188,42299.7,2025-03-03 23:59:24.338144,Hyderabad,DEV95929,158.116.26.245
TXN0190,CUST0973,MER0036,26296.12,2025-11-30 07:23:24.338511,Delhi,DEV87088,102.33.134.163
TXN0191,CUST0195,MER0033,6323.51,2025-04-23 01:01:24.338877,Mumbai,DEV97098,176.84.26.202
TXN0192,CUST0640,MER0048,2958.63,2026-02-23 03:24:24.339243,Chennai,DEV43955,12.79.64.73
TXN0193,CUST0502,MER0082,10205.81,2025-05-19 15:35:24.339607,Mumbai,DEV40128,56.18.240.133
TXN0194,CUST0786,MER0242,20207.23,2025-03-03 03:15:24.339968,Ahmedabad,DEV27351,141.198.216.181
TXN0195,CUST0186,MER0180,24009.18,2025-09-15 21:10:24.340385,Hyderabad,DEV60324,153.253.209.251
TXN0196,CUST0273,MER0248,6791.98,2025-12-09 11:55:24.340769,Hyderabad,DEV86692,133.90.88.65
TXN0197,CUST0093,MER0262,40835.23,2025-03-21 06:28:24.341140,Pune,DEV57428,32.223.54.124
TXN0198,CUST0568,MER0124,36480.52,2025-08-11 04:22:24.341506,Bangalore,DEV44340,54.173.125.91
TXN0199,CUST0984,MER0062,32274.56,2025-11-30 03:28:24.341871,Chennai,DEV44208,62.73.151.12
TXN0200,CUST0807,MER0112,46290.49,2025-03-28 11:46:24.342236,Mumbai,DEV61595,105.55.231.114
TXN0201,CUST0177,MER0080,28836.64,2025-05-12 10:44:24.342606,Pune,DEV57124,189.43.55.127
TXN0202,CUST0979,MER0052,36642.93,2025-09-12 08:03:24.342977,Delhi,DEV26794,104.242.32.9
TXN0203,CUST0242,MER0284,27537.44,2025-10-29 00:37:24.343345,Hyderabad,DEV30836,26.159.206.69
TXN0204,CUST0251,MER0296,42786.39,2025-05-26 23:37:24.343722,Kolkata,DEV25437,130.27.36.241
TXN0205,CUST0126,MER0251,36242.06,2025-07-04 06:10:24.344092,Ahmedabad,DEV58567,141.54.163.123
TXN0206,CUST0828,MER0202,14499.24,2026-02-16 11:36:24.344519,Kolkata,DEV93616,105.235.41.126
TXN0207,CUST0592,MER0256,30564.53,2025-12-30 00:00:24.344935,Ahmedabad,DEV22661,180.85.85.22
TXN0208,CUST0869,MER0299,21945.41,2025-11-23 11:46:24.345313,Ahmedabad,DEV39400,48.142.61.100
TXN0209,CUST0057,MER0170,12332.0,2025-04-27 15:09:24.345709,Ahmedabad,DEV52081,181.53.82.168
TXN0210,CUST0220,MER0252,35398.85,2025-09-13 01:20:24.346116,Chennai,DEV81371,134.176.164.198
TXN0211,CUST0029,MER0051,6744.47,2025-08-24 17:11:24.346489,Mumbai,DEV63528,93.206.151.65
TXN0212,CUST0178,MER0020,44169.74,2025-10-14 12:26:24.346854,Ahmedabad,DEV43913,66.113.228.191
TXN0213,CUST0519,MER0292,21924.11,2025-03-13 23:13:24.347257,Hyderabad,DEV94696,98.229.223.10
TXN0214,CUST0366,MER0095,11847.42,2025-05-29 16:58:24.347645,Mumbai,DEV68873,148.67.105.70
TXN0215,CUST0945,MER0021,10107.74,2025-10-07 20:42:24.348042,Pune,DEV80288,83.145.133.55
TXN0216,CUST0835,MER0294,42760.73,2025-05-09 19:50:24.348457,Ahmedabad,DEV62527,161.14.83.85
TXN0217,CUST0856,MER0084,47705.17,2025-05-11 03:56:24.348831,Bangalore,DEV88544,81.163.185.54
TXN0218,CUST0172,MER0179,33203.78,2026-01-10 20:45:24.349231,Ahmedabad,DEV45180,136.74.32.85
TXN0219,CUST0889,MER0262,9650.64,2025-04-19 22:59:24.349610,Mumbai,DEV39214,159.167.234.102
TXN0220,CUST0482,MER0043,10528.75,2025-04-29 14:52:24.349981,Delhi,DEV36299,103.236.75.123
TXN0221,CUST0050,MER0078,36590.45,2025-12-29 23:47:24.350354,Delhi,DEV74454,28.27.77.76
TXN0222,CUST0947,MER0236,20511.47,2025-03-26 01:54:24.350720,Delhi,DEV28711,123.21.96.107
TXN0223,CUST0764,MER0046,5805.54,2025-08-15 17:51:24.351085,Bangalore,DEV59444,188.64.220.218
TXN0224,CUST0043,MER0062,30879.22,2026-02-10 15:49:24.351447,Hyderabad,DEV66822,102.235.78.222
TXN0225,CUST0948,MER0271,114000.0,2025-10-22 22:58:24.351811,Kolkata,DEV94428,24.200.194.78
TXN0226,CUST0390,MER0173,10428.01,2026-02-20 08:46:24.352200,Ahmedabad,DEV78233,178.159.11.159
TXN0227,CUST0682,MER0155,38834.67,2026-01-05 01:09:24.352573,Kolkata,DEV69545,151.132.156.116
TXN0228,CUST0093,MER0146,1145.24,2025-05-17 08:32:24.352942,Bangalore,DEV57428,32.223.54.124
TXN0229,CUST0881,MER0005,28825.71,2025-09-13 01:48:24.353314,Kolkata,DEV75921,122.140.54.38
TXN0230,CUST0018,MER0100,35034.28,2025-08-23 18:11:24.353694,Pune,DEV40828,113.61.126.20
TXN0231,CUST0068,MER0001,40270.05,2025-11-09 07:15:24.354059,Hyderabad,DEV99539,71.254.73.118
TXN0232,CUST0712,MER0299,24832.94,2026-02-19 02:43:24.354429,Ahmedabad,DEV80248,15.78.110.186
TXN0233,CUST0283,MER0098,21198.87,2025-08-27 12:37:24.354793,Hyderabad,DEV41502,174.124.20.164
TXN0234,CUST0781,MER0067,53042.55,2026-02-13 21:53:24.355160,Mumbai,DEV86373,18.76.195.40
TXN0235,CUST0433,MER0064,18097.51,2025-12-06 14:43:24.355530,Ahmedabad,DEV69996,59.183.138.103
TXN0236,CUST0171,MER0032,22161.3,2026-01-14 16:30:24.355895,Mumbai,DEV82642,33.166.197.6
TXN0237,CUST0134,MER0065,43001.94,2025-05-31 09:00:24.364373,Delhi,DEV12482,122.160.214.77
TXN0238,CUST0268,MER0082,41390.1,2025-03-13 09:16:24.364805,Mumbai,DEV75191,177.9.52.206
TXN0239,CUST0728,MER0147,1628.83,2026-01-28 02:56:24.365181,Hyderabad,DEV24444,71.8.235.95
TXN0240,CUST0416,MER0255,28225.77,2025-04-05 15:34:24.365549,Pune,DEV43847,77.91.225.35
TXN0241,CUST0316,MER0034,18550.69,2025-04-30 08:08:24.365916,Hyderabad,DEV86916,17.246.59.132
TXN0242,CUST0436,MER0089,47289.05,2025-10-21 14:04:24.366282,Delhi,DEV76088,18.217.201.245
TXN0243,CUST0830,MER0129,23092.68,2026-02-26 02:55:24.366646,Mumbai,DEV56550,158.186.178.230
TXN0244,CUST0817,MER0264,6140.61,2025-11-13 05:06:24.367015,Pune,DEV87616,164.141.242.107
TXN0245,CUST0103,MER0231,19937.93,2026-01-11 14:47:24.367380,Pune,DEV41133,123.145.229.119
TXN0246,CUST0558,MER0007,25847.43,2025-03-20 18:29:24.367742,Delhi,DEV92090,95.128.126.55
TXN0247,CUST0032,MER0056,48710.32,2025-03-04 04:28:24.368153,Delhi,DEV64321,171.99.196.253
TXN0248,CUST0044,MER0210,22653.63,2025-10-24 04:28:24.368552,Chennai,DEV87656,78.165.125.44
TXN0249,CUST0993,MER0025,40651.73,2025-10-02 18:24:24.368922,Kolkata,DEV63174,62.94.57.21
TXN0250,CUST0205,MER0206,8757.28,2025-03-03 23:56:24.369292,Mumbai,DEV11487,51.254.177.132
TXN0251,CUST0187,MER0179,26589.27,2025-06-01 08:35:24.369739,Ahmedabad,DEV80465,83.86.234.253
TXN0252,CUST0440,MER0130,24813.75,2025-11-15 02:22:24.370117,Mumbai,DEV15357,103.187.89.34
TXN0253,CUST0688,MER0103,30352.06,2025-12-08 14:58:24.370491,Kolkata,DEV48121,102.220.20.198
TXN0254,CUST0911,MER0202,21846.07,2025-12-13 03:35:24.370904,Delhi,DEV26366,148.232.78.36
TXN0255,CUST0851,MER0071,34976.87,2025-06-29 05:55:24.371278,Mumbai,DEV12368,191.166.113.32
TXN0256,CUST0413,MER0213,21283.92,2025-09-20 19:17:24.371715,Mumbai,DEV11110,27.6.210.50
TXN0257,CUST0815,MER0060,2538.37,2025-05-01 14:15:24.372129,Ahmedabad,DEV30506,27.179.115.176
TXN0258,CUST0259,MER0020,992.2,2025-03-28 21:20:24.372516,Chennai,DEV47054,39.54.254.101
TXN0259,CUST0965,MER0283,3406.56,2025-05-14 07:03:24.372929,Kolkata,DEV60907,19.138.192.171
TXN0260,CUST0323,MER0128,66777.62,2025-03-02 03:37:24.373309,Ahmedabad,DEV40907,152.221.195.100
TXN0261,CUST0604,MER0153,32332.74,2025-04-26 13:58:24.373686,Pune,DEV74166,88.36.209.19
TXN0262,CUST0542,MER0253,31947.69,2025-04-02 03:45:24.374055,Ahmedabad,DEV51999,112.23.251.11
TXN0263,CUST0702,MER0062,40685.13,2025-08-15 10:22:24.374421,Kolkata,DEV47125,189.50.44.53
TXN0264,CUST0930,MER0196,47773.05,2025-12-12 23:26:24.374789,Kolkata,DEV95119,136.61.169.45
TXN0265,CUST0497,MER0246,28555.18,2025-10-22 22:04:24.375156,Bangalore,DEV48036,77.120.230.127
TXN0266,CUST0448,MER0094,10554.66,2025-03-11 13:15:24.375522,Kolkata,DEV51971,49.2.169.151
TXN0267,CUST0934,MER0059,49783.57,2025-07-14 05:53:24.375890,Kolkata,DEV67763,190.90.76.227
TXN0268,CUST0442,MER0072,1325.08,2025-07-03 04:25:24.376282,Ahmedabad,DEV98251,187.33.96.234
TXN0269,CUST0554,MER0088,5293.5,2025-08-01 04:04:24.376659,Bangalore,DEV75578,136.87.99.89
TXN0270,CUST0676,MER0015,31544.92,2025-03-25 09:41:24.377029,Delhi,DEV93440,95.70.125.196
TXN0271,CUST0924,MER0280,47186.27,2026-01-15 22:34:24.377398,Ahmedabad,DEV40763,91.182.39.68
TXN0272,CUST0919,MER0058,4184.2,2025-07-15 05:11:24.377765,Kolkata,DEV91500,137.95.195.103
TXN0273,CUST0521,MER0016,40767.79,2026-01-21 11:58:24.378132,Pune,DEV23225,116.252.155.120
TXN0274,CUST0312,MER0274,6920.65,2025-12-27 15:01:24.378502,Hyderabad,DEV96099,142.146.99.17
TXN0275,CUST0756,MER0120,28558.67,2025-07-16 13:34:24.378871,Ahmedabad,DEV27460,173.102.100.129
TXN0276,CUST0553,MER0089,3095.11,2026-02-13 21:23:24.379236,Mumbai,DEV49738,66.119.252.185
TXN0277,CUST0328,MER0243,33332.54,2025-11-26 23:33:24.379602,Delhi,DEV13027,42.120.128.40
TXN0278,CUST0413,MER0047,38232.83,2025-03-22 02:58:24.379976,Bangalore,DEV11110,27.6.210.50
TXN0279,CUST0512,MER0139,39575.25,2025-04-25 08:30:24.380387,Bangalore,DEV24933,179.236.91.93
TXN0280,CUST0771,MER0201,28934.01,2025-03-20 14:15:24.380778,Mumbai,DEV34173,178.220.26.156
TXN0281,CUST0603,MER0182,11474.57,2025-12-28 21:00:24.381150,Delhi,DEV71506,60.79.97.2
TXN0282,CUST0434,MER0058,17736.96,2026-02-04 14:00:24.381569,Chennai,DEV55033,66.151.80.87
TXN0283,CUST0291,MER0284,27913.8,2025-09-09 06:33:24.381946,Hyderabad,DEV43127,59.58.92.27
TXN0284,CUST0954,MER0236,29055.88,2025-03-26 08:16:24.382315,Pune,DEV54276,93.204.68.105
TXN0285,CUST0656,MER0024,44239.53,2025-07-26 07:17:24.382733,Kolkata,DEV56009,192.214.126.163
TXN0286,CUST0386,MER0197,27344.45,2025-10-14 10:30:24.383107,Mumbai,DEV56346,26.76.143.15
TXN0287,CUST0524,MER0160,7592.95,2025-07-15 05:48:24.383491,Hyderabad,DEV92565,40.105.185.80
TXN0288,CUST0146,MER0082,49061.5,2025-08-28 11:09:24.383880,Chennai,DEV71712,147.111.126.41
TXN0289,CUST0417,MER0141,27135.56,2025-12-25 05:25:24.384318,Chennai,DEV90473,174.54.226.132
TXN0290,CUST0410,MER0273,34837.42,2025-11-02 10:55:24.384743,Pune,DEV93568,52.107.176.27
TXN0291,CUST0265,MER0203,23981.38,2025-06-02 15:19:24.385184,Delhi,DEV18301,76.160.6.114
TXN0292,CUST0639,MER0033,4468.2,2026-01-20 23:04:24.385625,Delhi,DEV22984,22.87.162.199
TXN0293,CUST0775,MER0128,17893.78,2025-04-25 09:05:24.386004,Bangalore,DEV33433,123.236.8.225
TXN0294,CUST0895,MER0105,35739.59,2026-01-02 22:44:24.386376,Ahmedabad,DEV71782,14.140.165.23
TXN0295,CUST0916,MER0001,17093.03,2025-10-23 03:59:24.386742,Kolkata,DEV13360,65.92.12.168
TXN0296,CUST0524,MER0049,20036.41,2025-03-06 04:59:24.387108,Bangalore,DEV92565,40.105.185.80
TXN0297,CUST0980,MER0143,37526.32,2025-06-19 01:41:24.387470,Delhi,DEV46769,152.174.169.99
TXN0298,CUST0440,MER0163,162588.9,2025-11-20 07:39:24.387831,Chennai,DEV15357,103.187.89.34
TXN0299,CUST0866,MER0033,23507.61,2025-06-24 06:53:24.388222,Bangalore,DEV48170,88.81.156.243
TXN0300,CUST0609,MER0276,28666.0,2025-05-23 09:55:24.388694,Mumbai,DEV64767,144.213.147.220
TXN0301,CUST0473,MER0283,7281.55,2025-10-11 03:29:24.389163,Kolkata,DEV82963,178.155.84.251
TXN0302,CUST0869,MER0054,39365.97,2025-09-12 10:46:24.389542,Pune,DEV39400,48.142.61.100
TXN0303,CUST0970,MER0136,27300.29,2025-04-17 08:23:24.389909,Chennai,DEV20427,55.101.134.73
TXN0304,CUST0596,MER0203,34827.0,2025-05-21 15:38:24.390276,Pune,DEV86681,124.195.119.6
TXN0305,CUST0706,MER0047,16373.06,2025-05-01 21:37:24.390643,Mumbai,DEV67331,69.50.64.60
TXN0306,CUST0629,MER0070,36121.86,2025-03-17 00:54:24.391008,Ahmedabad,DEV74122,174.115.11.245
TXN0307,CUST0253,MER0196,44458.8,2026-02-04 18:50:24.391374,Delhi,DEV32099,157.81.250.45
TXN0308,CUST0433,MER0032,11361.19,2025-04-27 12:09:24.391748,Pune,DEV69996,59.183.138.103
TXN0309,CUST0322,MER0128,20545.37,2025-02-28 09:49:24.392130,Delhi,DEV65567,63.214.190.186
TXN0310,CUST0267,MER0168,74502.76,2026-01-29 17:26:24.392515,Ahmedabad,DEV16599,139.114.193.206
TXN0311,CUST0140,MER0153,26522.34,2025-05-05 21:46:24.392890,Mumbai,DEV47409,175.30.45.118
TXN0312,CUST0386,MER0193,34123.6,2025-10-09 06:02:24.393304,Pune,DEV56346,26.76.143.15
TXN0313,CUST0421,MER0026,16350.46,2025-07-18 21:47:24.393693,Mumbai,DEV92941,122.97.71.18
TXN0314,CUST0954,MER0160,15744.23,2025-08-24 14:09:24.394065,Ahmedabad,DEV54276,93.204.68.105
TXN0315,CUST0914,MER0015,28564.8,2025-09-22 19:43:24.394466,Chennai,DEV44832,36.249.192.195
TXN0316,CUST0825,MER0015,21263.32,2025-10-25 18:41:24.394842,Pune,DEV86919,103.7.206.213
TXN0317,CUST0803,MER0067,42715.87,2025-11-24 16:36:24.395241,Kolkata,DEV38261,151.127.6.18
TXN0318,CUST0407,MER0172,150932.45,2025-09-02 21:58:24.395652,Bangalore,DEV49855,154.133.31.242
TXN0319,CUST0877,MER0096,5929.53,2025-12-11 20:46:24.396141,Ahmedabad,DEV33941,59.55.118.109
TXN0320,CUST0903,MER0245,34700.54,2025-06-29 20:32:24.396559,Bangalore,DEV55075,58.207.231.109
TXN0321,CUST0628,MER0035,19513.27,2026-01-05 03:46:24.396945,Kolkata,DEV88139,54.192.45.237
TXN0322,CUST0103,MER0048,18631.74,2025-06-14 21:23:24.397314,Pune,DEV41133,123.145.229.119
TXN0323,CUST0007,MER0275,760.55,2025-06-29 11:24:24.397683,Pune,DEV86484,112.185.112.70
TXN0324,CUST0507,MER0287,6401.33,2026-01-18 00:21:24.398090,Hyderabad,DEV33332,71.204.45.10
TXN0325,CUST0805,MER0007,46549.96,2025-10-10 15:49:24.398460,Pune,DEV64444,15.7.77.48
TXN0326,CUST0874,MER0085,31933.32,2025-07-25 03:48:24.398843,Delhi,DEV86246,120.57.226.99
TXN0327,CUST0055,MER0105,26442.81,2025-11-01 06:09:24.399235,Ahmedabad,DEV62757,79.252.224.41
TXN0328,CUST0441,MER0178,34824.75,2025-08-13 12:54:24.399606,Ahmedabad,DEV99158,118.141.27.32
TXN0329,CUST0998,MER0087,18431.1,2025-10-14 13:46:24.400005,Kolkata,DEV21284,70.233.139.138
TXN0330,CUST0688,MER0286,34738.86,2025-10-30 13:37:24.400437,Kolkata,DEV48121,102.220.20.198
TXN0331,CUST0771,MER0138,2366.98,2025-03-17 16:41:24.400844,Kolkata,DEV34173,178.220.26.156
TXN0332,CUST0293,MER0240,16933.57,2025-12-14 23:03:24.401249,Delhi,DEV50065,187.78.186.161
TXN0333,CUST0968,MER0100,7716.65,2025-02-26 15:39:24.401638,Ahmedabad,DEV25987,24.71.102.41
TXN0334,CUST0636,MER0044,22543.0,2025-08-07 23:42:24.402072,Kolkata,DEV94616,59.190.83.214
TXN0335,CUST0695,MER0086,24469.37,2026-02-11 23:02:24.402460,Pune,DEV88784,107.31.185.220
TXN0336,CUST0840,MER0038,44887.99,2025-08-29 07:57:24.402849,Mumbai,DEV75726,10.203.39.117
TXN0337,CUST0069,MER0199,144348.57,2026-02-05 21:36:24.403267,Bangalore,DEV19681,123.176.153.217
TXN0338,CUST0737,MER0280,25157.04,2025-12-14 21:18:24.403650,Chennai,DEV85705,188.220.184.105
TXN0339,CUST0236,MER0157,600.65,2025-03-05 09:10:24.404051,Delhi,DEV14551,138.75.61.229
TXN0340,CUST0733,MER0203,22032.67,2025-06-13 20:25:24.404504,Delhi,DEV19103,52.95.170.233
TXN0341,CUST0354,MER0089,13949.92,2025-10-19 08:34:24.404888,Kolkata,DEV85534,107.40.28.171
TXN0342,CUST0055,MER0273,10521.2,2025-05-29 18:13:24.405335,Delhi,DEV62757,79.252.224.41
TXN0343,CUST0635,MER0112,22522.32,2025-05-21 02:57:24.405721,Hyderabad,DEV60040,176.83.204.233
TXN0344,CUST0611,MER0064,7362.71,2025-07-08 13:25:24.406091,Kolkata,DEV26342,80.32.175.15
TXN0345,CUST0753,MER0198,40197.22,2025-05-12 11:30:24.406495,Bangalore,DEV96303,87.201.34.247
TXN0346,CUST0783,MER0032,15310.69,2025-09-18 14:20:24.406872,Bangalore,DEV25127,187.123.227.209
TXN0347,CUST0108,MER0141,41988.89,2025-03-16 01:41:24.407250,Pune,DEV49472,41.24.122.214
TXN0348,CUST0830,MER0046,43093.78,2025-04-26 12:10:24.407661,Pune,DEV56550,158.186.178.230
TXN0349,CUST0180,MER0138,6618.74,2025-11-14 12:16:24.408043,Chennai,DEV18804,86.22.58.11
TXN0350,CUST0167,MER0267,11780.94,2025-05-13 02:48:24.408463,Delhi,DEV41519,155.199.169.196
TXN0351,CUST0676,MER0282,25003.46,2025-08-11 00:01:24.408864,Chennai,DEV93440,95.70.125.196
TXN0352,CUST0530,MER0264,46208.45,2025-02-27 11:22:24.409234,Chennai,DEV35859,87.43.18.171
TXN0353,CUST0125,MER0023,40812.55,2026-02-20 00:43:24.409626,Bangalore,DEV17852,50.225.212.247
TXN0354,CUST0017,MER0033,34586.33,2025-08-13 15:30:24.410012,Pune,DEV17665,158.31.160.29
TXN0355,CUST0932,MER0016,25401.08,2025-04-09 10:15:24.410381,Ahmedabad,DEV43786,15.31.30.191
TXN0356,CUST0125,MER0006,27391.57,2025-09-28 23:34:24.410781,Pune,DEV17852,50.225.212.247
TXN0357,CUST0296,MER0032,45864.29,2025-10-29 12:39:24.411157,Hyderabad,DEV87280,84.68.237.46
TXN0358,CUST0657,MER0044,29485.74,2026-02-02 14:40:24.411533,Pune,DEV89498,35.220.94.129
TXN0359,CUST0785,MER0282,32079.31,2025-11-19 19:38:24.411934,Pune,DEV35965,56.232.7.85
TXN0360,CUST0603,MER0162,41604.56,2026-01-08 04:57:24.412332,Chennai,DEV71506,60.79.97.2
TXN0361,CUST0018,MER0235,41766.7,2025-08-05 00:57:24.412705,Hyderabad,DEV40828,113.61.126.20
TXN0362,CUST0286,MER0169,47625.32,2025-05-01 17:29:24.413140,Delhi,DEV70191,94.19.44.37
TXN0363,CUST0925,MER0024,21801.22,2025-03-21 17:30:24.413520,Kolkata,DEV72355,147.160.53.116
TXN0364,CUST0014,MER0202,45807.83,2025-09-27 03:12:24.413915,Delhi,DEV17100,182.50.31.206
TXN0365,CUST0914,MER0116,49339.21,2026-02-26 15:23:24.414303,Hyderabad,DEV44832,36.249.192.195
TXN0366,CUST0629,MER0138,38623.57,2025-07-02 04:24:24.414674,Mumbai,DEV74122,174.115.11.245
TXN0367,CUST0576,MER0100,21500.53,2025-05-22 23:39:24.415068,Bangalore,DEV99592,80.97.70.133
TXN0368,CUST0744,MER0291,28234.44,2025-08-04 00:33:24.415494,Ahmedabad,DEV28167,144.226.160.183
TXN0369,CUST0541,MER0120,27001.38,2025-05-17 12:24:24.415868,Delhi,DEV85609,23.96.243.9
TXN0370,CUST0699,MER0249,39081.65,2026-01-20 18:56:24.416304,Hyderabad,DEV10481,125.64.230.49
TXN0371,CUST0440,MER0093,54472.31999999999,2026-01-18 11:28:24.416688,Delhi,DEV15357,103.187.89.34
TXN0372,CUST0023,MER0045,6643.73,2025-03-04 18:28:24.417111,Bangalore,DEV19862,186.76.18.189
TXN0373,CUST0310,MER0041,27669.27,2026-02-24 11:34:24.417521,Bangalore,DEV40116,124.82.51.109
TXN0374,CUST0803,MER0237,18066.73,2025-06-10 19:50:24.417911,Ahmedabad,DEV38261,151.127.6.18
TXN0375,CUST0298,MER0047,33551.5,2025-12-18 14:39:24.418309,Pune,DEV57349,109.240.232.23
TXN0376,CUST0803,MER0039,4837.63,2025-03-19 09:22:24.418715,Bangalore,DEV38261,151.127.6.18
TXN0377,CUST0624,MER0207,46998.87,2025-07-18 21:46:24.419092,Bangalore,DEV33464,134.200.153.81
TXN0378,CUST0966,MER0245,16720.03,2025-05-03 03:29:24.419493,Mumbai,DEV68965,181.43.163.58
TXN0379,CUST0903,MER0136,36053.09,2025-08-23 20:59:24.419904,Bangalore,DEV55075,58.207.231.109
TXN0380,CUST0567,MER0178,34053.95,2025-08-20 14:04:24.420354,Mumbai,DEV25098,46.148.225.99
TXN0381,CUST0799,MER0259,6329.69,2025-05-08 01:49:24.420768,Hyderabad,DEV40783,17.148.137.110
TXN0382,CUST0001,MER0295,912.91,2026-02-02 03:17:24.421158,Pune,DEV28289,36.44.216.16
TXN0383,CUST0722,MER0176,20506.34,2026-01-30 15:47:24.421565,Chennai,DEV11362,45.53.165.223
TXN0384,CUST0286,MER0241,49594.05,2025-06-14 23:59:24.421942,Hyderabad,DEV70191,94.19.44.37
TXN0385,CUST0907,MER0144,262.79,2026-01-12 14:24:24.422306,Bangalore,DEV93140,168.115.77.217
TXN0386,CUST0269,MER0232,12026.12,2025-12-19 16:53:24.422709,Pune,DEV95799,181.233.174.186
TXN0387,CUST0556,MER0192,322.29,2026-01-25 04:07:24.423081,Hyderabad,DEV74955,102.22.114.24
TXN0388,CUST0657,MER0031,4582.43,2025-05-08 18:57:24.423460,Bangalore,DEV89498,35.220.94.129
TXN0389,CUST0908,MER0056,49052.93,2025-03-28 03:37:24.423857,Bangalore,DEV49320,10.38.128.159
TXN0390,CUST0766,MER0023,37195.97,2025-11-02 15:54:24.424262,Bangalore,DEV33670,82.22.160.179
TXN0391,CUST0034,MER0237,17766.5,2025-07-21 11:37:24.424697,Chennai,DEV42406,173.141.248.122
TXN0392,CUST0928,MER0045,43864.06,2025-05-09 20:22:24.425199,Hyderabad,DEV80568,188.155.169.119
TXN0393,CUST0233,MER0073,39874.46,2025-06-04 15:31:24.425588,Chennai,DEV32391,173.149.41.242
TXN0394,CUST0423,MER0177,6583.94,2025-10-18 21:27:24.426002,Delhi,DEV28558,135.9.241.23
TXN0395,CUST0751,MER0046,47967.21,2025-06-09 01:27:24.426382,Chennai,DEV69910,40.199.5.155
TXN0396,CUST0831,MER0276,16565.2,2026-01-22 04:41:24.426756,Ahmedabad,DEV94673,184.147.106.175
TXN0397,CUST0575,MER0207,11096.73,2025-11-26 03:28:24.427165,Kolkata,DEV20802,85.40.141.116
TXN0398,CUST0903,MER0185,21898.14,2025-06-03 22:36:24.427538,Bangalore,DEV55075,58.207.231.109
TXN0399,CUST0062,MER0208,43103.59,2025-05-23 16:55:24.427939,Pune,DEV86931,158.250.76.228
TXN0400,CUST0603,MER0281,10959.28,2025-10-21 19:58:24.428374,Chennai,DEV71506,60.79.97.2
TXN0401,CUST0991,MER0091,15902.8,2025-11-02 16:59:24.428759,Kolkata,DEV10937,99.41.188.84
TXN0402,CUST0142,MER0277,2381.17,2025-09-09 04:29:24.429177,Ahmedabad,DEV45761,59.57.169.83
TXN0403,CUST0722,MER0026,19679.74,2025-07-12 10:36:24.429554,Hyderabad,DEV11362,45.53.165.223
TXN0404,CUST0984,MER0204,7981.19,2025-05-14 00:11:24.429922,Mumbai,DEV44208,62.73.151.12
TXN0405,CUST0554,MER0171,45116.64,2025-09-14 02:55:24.430286,Ahmedabad,DEV75578,136.87.99.89
TXN0406,CUST0317,MER0015,33307.46,2025-04-26 02:01:24.430648,Chennai,DEV47655,33.204.175.38
TXN0407,CUST0086,MER0052,23140.36,2025-06-12 17:51:24.431010,Mumbai,DEV37884,49.246.114.55
TXN0408,CUST0825,MER0152,35210.94,2025-07-14 08:33:24.431374,Mumbai,DEV86919,103.7.206.213
TXN0409,CUST0182,MER0087,31695.96,2025-08-03 07:18:24.431749,Hyderabad,DEV60965,11.109.105.142
TXN0410,CUST0323,MER0138,34934.64,2026-01-15 08:46:24.432132,Mumbai,DEV40907,152.221.195.100
TXN0411,CUST0683,MER0070,45601.1,2025-09-19 11:35:24.432511,Ahmedabad,DEV83307,164.39.239.244
TXN0412,CUST0832,MER0026,3956.21,2026-01-01 19:44:24.432884,Bangalore,DEV14121,39.95.243.71
TXN0413,CUST0356,MER0133,22013.33,2025-04-16 19:55:24.433257,Ahmedabad,DEV76155,33.113.221.148
TXN0414,CUST0979,MER0253,5003.65,2025-07-15 07:45:24.433624,Bangalore,DEV26794,104.242.32.9
TXN0415,CUST0564,MER0026,46538.21,2025-03-01 06:20:24.433990,Hyderabad,DEV83328,23.216.176.100
TXN0416,CUST0936,MER0119,33324.69,2026-01-25 04:57:24.434352,Pune,DEV97648,151.33.173.126
TXN0417,CUST0694,MER0111,193968.16,2026-02-20 23:13:24.434715,Bangalore,DEV54882,164.248.108.243
TXN0418,CUST0961,MER0017,43915.56,2025-07-23 04:25:24.435084,Kolkata,DEV68632,15.251.176.173
TXN0419,CUST0556,MER0154,31346.78,2026-01-09 22:16:24.435452,Hyderabad,DEV74955,102.22.114.24
TXN0420,CUST0632,MER0090,47992.62,2025-08-27 18:09:24.435816,Chennai,DEV95542,51.44.131.17
TXN0421,CUST0703,MER0291,85149.9,2026-02-03 18:33:24.436203,Kolkata,DEV39213,126.195.58.100
TXN0422,CUST0584,MER0296,662.28,2026-02-17 17:21:24.436579,Pune,DEV62328,164.126.168.251
TXN0423,CUST0931,MER0281,2948.9,2025-05-23 17:12:24.436943,Ahmedabad,DEV22564,89.181.90.220
TXN0424,CUST0046,MER0124,49805.83,2025-06-15 21:13:24.437308,Bangalore,DEV63271,135.123.243.251
TXN0425,CUST0980,MER0112,33114.0,2025-05-11 20:38:24.437675,Hyderabad,DEV46769,152.174.169.99
TXN0426,CUST0022,MER0002,19637.6,2025-07-07 17:09:24.438038,Bangalore,DEV74032,74.26.47.216
TXN0427,CUST0009,MER0112,8042.4,2025-09-02 05:53:24.438403,Ahmedabad,DEV93748,139.101.78.191
TXN0428,CUST0389,MER0161,12762.64,2025-08-11 00:39:24.438767,Delhi,DEV77652,183.67.105.18
TXN0429,CUST0261,MER0095,29109.83,2025-04-12 00:15:24.439136,Bangalore,DEV43540,174.118.233.151
TXN0430,CUST0227,MER0158,16558.19,2026-01-10 03:57:24.439502,Mumbai,DEV90134,66.53.254.72
TXN0431,CUST0659,MER0216,41948.12,2026-02-03 18:42:24.439865,Mumbai,DEV68427,35.38.175.154
TXN0432,CUST0983,MER0277,55587.48,2025-07-30 13:41:24.440252,Mumbai,DEV80295,61.96.61.151
TXN0433,CUST0394,MER0202,22209.15,2025-12-19 09:58:24.440625,Mumbai,DEV69714,89.238.240.118
TXN0434,CUST0695,MER0172,47884.81,2025-07-08 19:09:24.440990,Ahmedabad,DEV88784,107.31.185.220
TXN0435,CUST0580,MER0096,4395.46,2025-04-29 06:20:24.441357,Pune,DEV18350,146.197.96.243
TXN0436,CUST0405,MER0024,11554.95,2025-10-26 16:15:24.441733,Bangalore,DEV20494,46.143.238.40
TXN0437,CUST0906,MER0073,22884.08,2025-08-29 13:46:24.442103,Delhi,DEV12191,60.181.77.24
TXN0438,CUST0475,MER0013,34748.2,2025-12-25 04:59:24.442466,Ahmedabad,DEV18050,17.23.65.187
TXN0439,CUST0821,MER0177,42094.27,2025-11-03 07:09:24.442829,Mumbai,DEV97823,98.217.109.97
TXN0440,CUST0442,MER0087,4957.74,2025-04-21 06:15:24.443190,Bangalore,DEV98251,187.33.96.234
TXN0441,CUST0929,MER0269,39285.96,2025-06-04 10:59:24.443551,Ahmedabad,DEV16943,192.183.61.36
TXN0442,CUST0703,MER0188,28281.51,2025-07-20 02:08:24.443915,Delhi,DEV39213,126.195.58.100
TXN0443,CUST0217,MER0275,18577.7,2025-05-21 12:52:24.444304,Hyderabad,DEV94670,123.65.47.169
TXN0444,CUST0475,MER0241,8382.29,2025-03-11 02:33:24.444675,Mumbai,DEV18050,17.23.65.187
TXN0445,CUST0769,MER0174,45859.22,2025-06-26 12:09:24.445046,Chennai,DEV49968,151.107.62.190
TXN0446,CUST0385,MER0080,25430.93,2025-05-05 14:00:24.445413,Bangalore,DEV70374,147.171.236.211
TXN0447,CUST0283,MER0170,48072.63,2025-09-21 04:15:24.445773,Delhi,DEV41502,174.124.20.164
TXN0448,CUST0142,MER0087,36121.9,2025-06-28 00:57:24.446138,Mumbai,DEV45761,59.57.169.83
TXN0449,CUST0219,MER0151,26837.36,2025-04-12 22:49:24.446497,Bangalore,DEV17992,32.143.196.70
TXN0450,CUST0091,MER0143,13944.44,2025-10-07 09:44:24.446857,Bangalore,DEV53007,40.3.254.220
TXN0451,CUST0881,MER0269,37391.15,2026-01-24 16:34:24.447221,Chennai,DEV75921,122.140.54.38
TXN0452,CUST0690,MER0065,36788.61,2026-02-21 01:55:24.447585,Chennai,DEV70390,76.242.131.226
TXN0453,CUST0284,MER0077,10958.69,2025-12-22 01:12:24.447948,Ahmedabad,DEV73806,21.151.98.164
TXN0454,CUST0871,MER0066,104327.04000000001,2026-01-05 22:34:24.448366,Hyderabad,DEV84278,143.126.125.131
TXN0455,CUST0096,MER0214,16779.9,2026-02-02 16:41:24.448833,Pune,DEV67961,171.155.140.28
TXN0456,CUST0699,MER0030,17228.27,2025-04-28 21:58:24.449265,Ahmedabad,DEV10481,125.64.230.49
TXN0457,CUST0365,MER0204,45155.64,2026-01-08 10:23:24.449657,Chennai,DEV61491,178.70.44.195
TXN0458,CUST0073,MER0012,32591.55,2025-04-27 03:31:24.450032,Delhi,DEV48684,96.58.239.38
TXN0459,CUST0388,MER0021,43031.42,2025-12-07 11:10:24.450401,Chennai,DEV14901,61.47.227.12
TXN0460,CUST0805,MER0015,13190.9,2025-05-25 21:53:24.450764,Pune,DEV64444,15.7.77.48
TXN0461,CUST0155,MER0291,8134.36,2025-11-16 02:31:24.451132,Bangalore,DEV34101,147.242.123.115
TXN0462,CUST0416,MER0286,44241.06,2025-07-28 17:28:24.451511,Mumbai,DEV43847,77.91.225.35
TXN0463,CUST0718,MER0202,46493.78,2026-01-14 11:25:24.451883,Pune,DEV97994,29.215.222.162
TXN0464,CUST0062,MER0156,29064.86,2025-10-19 20:16:24.452274,Mumbai,DEV86931,158.250.76.228
TXN0465,CUST0442,MER0201,48985.03,2025-03-13 20:19:24.452645,Chennai,DEV98251,187.33.96.234
TXN0466,CUST0582,MER0214,17196.06,2025-09-25 09:19:24.453010,Pune,DEV11447,53.167.210.200
TXN0467,CUST0195,MER0067,42327.0,2025-08-14 01:30:24.453372,Delhi,DEV97098,176.84.26.202
TXN0468,CUST0992,MER0076,12793.76,2025-07-31 08:49:24.453738,Hyderabad,DEV60910,50.103.131.171
TXN0469,CUST0569,MER0165,13335.09,2025-12-12 02:14:24.454099,Mumbai,DEV41476,104.190.87.222
TXN0470,CUST0505,MER0051,36997.87,2025-08-03 01:17:24.454511,Chennai,DEV23902,92.78.14.41
TXN0471,CUST0930,MER0044,32904.17,2025-05-10 08:33:24.454892,Kolkata,DEV95119,136.61.169.45
TXN0472,CUST0574,MER0174,40251.85,2025-12-20 06:39:24.455258,Ahmedabad,DEV65850,125.239.221.209
TXN0473,CUST0192,MER0188,33338.86,2025-08-24 12:42:24.455620,Chennai,DEV73968,93.1.47.234
TXN0474,CUST0973,MER0104,47468.7,2026-02-09 07:42:24.455981,Delhi,DEV87088,102.33.134.163
TXN0475,CUST0855,MER0188,42418.49,2025-06-01 14:32:24.464485,Mumbai,DEV26186,34.202.111.108
TXN0476,CUST0737,MER0137,18496.05,2025-07-02 06:33:24.464873,Kolkata,DEV85705,188.220.184.105
TXN0477,CUST0816,MER0233,20074.82,2025-02-27 06:06:24.465250,Kolkata,DEV62857,75.103.39.78
TXN0478,CUST0966,MER0172,47350.0,2025-08-26 22:30:24.465623,Hyderabad,DEV68965,181.43.163.58
TXN0479,CUST0878,MER0139,19657.44,2025-04-28 13:33:24.465990,Delhi,DEV61935,53.80.80.166
TXN0480,CUST0928,MER0144,12664.78,2025-11-28 19:39:24.466353,Kolkata,DEV80568,188.155.169.119
TXN0481,CUST0341,MER0157,25407.2,2025-09-06 00:09:24.466721,Pune,DEV30669,137.46.173.30
TXN0482,CUST0331,MER0191,28790.07,2025-08-07 20:03:24.467086,Ahmedabad,DEV78610,173.158.177.246
TXN0483,CUST0874,MER0123,687.18,2025-10-09 01:42:24.467450,Hyderabad,DEV86246,120.57.226.99
TXN0484,CUST0603,MER0061,13292.1,2025-08-14 01:58:24.467816,Kolkata,DEV71506,60.79.97.2
TXN0485,CUST0684,MER0136,32536.75,2025-05-04 23:42:24.468248,Bangalore,DEV23683,29.185.171.14
TXN0486,CUST0837,MER0060,15056.86,2025-09-17 20:44:24.468658,Mumbai,DEV36649,121.46.125.78
TXN0487,CUST0423,MER0113,65785.4,2025-07-07 22:51:24.469033,Kolkata,DEV28558,135.9.241.23
TXN0488,CUST0963,MER0272,41099.36,2025-12-04 00:58:24.469417,Delhi,DEV77295,81.12.250.163
TXN0489,CUST0748,MER0282,22337.24,2025-05-17 21:37:24.469785,Bangalore,DEV30056,164.61.49.126
TXN0490,CUST0836,MER0144,36958.83,2025-11-28 16:01:24.470153,Ahmedabad,DEV17051,33.158.72.177
TXN0491,CUST0865,MER0256,2439.99,2025-06-17 23:16:24.470525,Bangalore,DEV68284,94.230.132.140
TXN0492,CUST0957,MER0013,34578.13,2025-07-31 19:01:24.470895,Bangalore,DEV42204,43.249.161.18
TXN0493,CUST0456,MER0237,22653.79,2025-05-07 16:32:24.471265,Hyderabad,DEV72978,154.223.132.243
TXN0494,CUST0200,MER0240,180.23,2025-10-08 04:16:24.471631,Mumbai,DEV76784,58.200.151.27
TXN0495,CUST0645,MER0183,40766.4,2025-07-17 12:53:24.471996,Mumbai,DEV27474,141.180.26.216
TXN0496,CUST0377,MER0167,32457.37,2025-03-27 04:55:24.472388,Mumbai,DEV10753,165.252.121.111
TXN0497,CUST0496,MER0092,36477.12,2026-01-24 20:46:24.472758,Hyderabad,DEV74771,107.66.220.105
TXN0498,CUST0868,MER0100,6004.56,2026-02-13 10:38:24.473186,Chennai,DEV75679,90.191.193.248
TXN0499,CUST0709,MER0064,38464.28,2025-11-07 17:24:24.473562,Delhi,DEV88105,41.54.72.144
TXN0500,CUST0169,MER0018,9930.99,2025-11-17 17:18:24.473929,Hyderabad,DEV86791,179.194.43.151
TXN0501,CUST0158,MER0266,38780.52,2025-11-28 06:56:24.474294,Bangalore,DEV47101,107.238.183.157
TXN0502,CUST0647,MER0249,39206.81,2025-09-04 01:11:24.474661,Hyderabad,DEV56628,11.235.168.152
TXN0503,CUST0361,MER0110,45478.13,2025-12-14 00:48:24.475029,Ahmedabad,DEV28526,187.9.192.22
TXN0504,CUST0631,MER0098,44682.14,2025-04-24 10:46:24.475397,Mumbai,DEV95419,41.106.60.92
TXN0505,CUST0874,MER0243,34562.58,2025-11-05 18:43:24.475762,Bangalore,DEV86246,120.57.226.99
TXN0506,CUST0438,MER0045,25368.72,2026-02-09 14:32:24.476154,Delhi,DEV63131,57.189.237.0
TXN0507,CUST0565,MER0236,2287.63,2025-11-23 17:19:24.476533,Ahmedabad,DEV53403,158.171.153.214
TXN0508,CUST0124,MER0259,80696.44,2025-11-16 17:55:24.476902,Bangalore,DEV85598,77.107.213.15
TXN0509,CUST0406,MER0052,17717.5,2025-05-19 22:00:24.477283,Bangalore,DEV55029,146.5.240.232
TXN0510,CUST0987,MER0253,33314.37,2025-04-10 15:58:24.477657,Kolkata,DEV18372,27.71.77.52
TXN0511,CUST0265,MER0207,23929.03,2025-09-13 15:09:24.478039,Kolkata,DEV18301,76.160.6.114
TXN0512,CUST0215,MER0111,49107.79,2025-12-11 01:47:24.478408,Mumbai,DEV38183,93.75.46.127
TXN0513,CUST0773,MER0150,12695.28,2025-12-10 18:22:24.478773,Bangalore,DEV78014,76.83.195.239
TXN0514,CUST0681,MER0095,8940.12,2025-08-29 17:54:24.479138,Pune,DEV94521,187.6.146.56
TXN0515,CUST0910,MER0173,10561.07,2025-03-29 04:00:24.479517,Pune,DEV29902,62.227.72.141
TXN0516,CUST0919,MER0246,43226.02,2025-10-25 03:03:24.479887,Delhi,DEV91500,137.95.195.103
TXN0517,CUST0279,MER0204,136747.48,2025-06-20 21:51:24.480280,Delhi,DEV68073,67.188.100.99
TXN0518,CUST0878,MER0287,47489.4,2025-12-26 09:22:24.480656,Hyderabad,DEV61935,53.80.80.166
TXN0519,CUST0910,MER0037,10995.38,2025-08-14 00:32:24.481023,Mumbai,DEV29902,62.227.72.141
TXN0520,CUST0294,MER0205,11469.64,2025-06-29 08:34:24.481387,Pune,DEV72908,128.228.183.156
TXN0521,CUST0749,MER0142,39539.8,2026-02-03 18:37:24.481755,Kolkata,DEV34123,70.133.224.63
TXN0522,CUST0819,MER0090,46839.81,2025-03-27 03:34:24.482121,Delhi,DEV59454,108.242.181.159
TXN0523,CUST0738,MER0138,3610.32,2025-05-13 08:36:24.482488,Hyderabad,DEV53410,110.213.141.158
TXN0524,CUST0018,MER0292,46667.93,2026-01-11 11:11:24.482851,Pune,DEV40828,113.61.126.20
TXN0525,CUST0217,MER0165,22548.46,2025-06-17 18:06:24.483223,Bangalore,DEV94670,123.65.47.169
TXN0526,CUST0823,MER0001,40562.06,2026-02-17 21:47:24.483591,Pune,DEV94875,149.53.19.189
TXN0527,CUST0683,MER0008,3565.32,2025-03-30 14:51:24.483956,Bangalore,DEV83307,164.39.239.244
TXN0528,CUST0092,MER0077,15380.98,2025-11-15 11:42:24.484348,Pune,DEV12456,127.39.160.219
TXN0529,CUST0636,MER0207,115716.20000000001,2025-05-12 09:28:24.484717,Delhi,DEV94616,59.190.83.214
TXN0530,CUST0076,MER0085,21323.86,2025-06-24 22:52:24.485093,Bangalore,DEV80457,44.198.232.189
TXN0531,CUST0668,MER0200,33750.75,2026-02-12 15:36:24.485510,Ahmedabad,DEV33295,110.96.35.73
TXN0532,CUST0431,MER0181,11869.2,2025-04-06 23:17:24.485883,Kolkata,DEV13809,134.59.36.120
TXN0533,CUST0618,MER0047,126007.84,2025-08-15 19:38:24.486254,Delhi,DEV52795,108.143.112.131
TXN0534,CUST0239,MER0064,7245.14,2025-12-08 02:20:24.486624,Delhi,DEV89817,131.19.88.141
TXN0535,CUST0025,MER0179,24319.63,2025-08-17 21:39:24.486990,Ahmedabad,DEV97806,73.136.81.55
TXN0536,CUST0291,MER0246,354.31,2026-02-02 05:49:24.487359,Pune,DEV43127,59.58.92.27
TXN0537,CUST0476,MER0203,15315.46,2025-05-24 08:09:24.487723,Pune,DEV63992,99.28.125.126
TXN0538,CUST0305,MER0294,22396.83,2025-07-11 20:01:24.488088,Delhi,DEV72373,167.19.60.47
TXN0539,CUST0207,MER0198,44527.41,2025-07-23 07:55:24.488502,Kolkata,DEV85223,182.59.116.1
TXN0540,CUST0034,MER0012,20341.24,2025-08-30 19:13:24.488871,Chennai,DEV42406,173.141.248.122
TXN0541,CUST0039,MER0198,48752.82,2025-05-13 16:18:24.489248,Bangalore,DEV65255,74.41.240.9
TXN0542,CUST0452,MER0041,5504.4,2025-04-07 11:16:24.489630,Hyderabad,DEV83535,32.110.227.212
TXN0543,CUST0713,MER0195,11144.78,2025-11-14 04:13:24.490000,Hyderabad,DEV55685,191.150.239.253
TXN0544,CUST0737,MER0005,8970.52,2025-09-01 02:47:24.490365,Bangalore,DEV85705,188.220.184.105
TXN0545,CUST0691,MER0106,21334.06,2025-10-30 03:03:24.490733,Hyderabad,DEV99205,43.225.187.160
TXN0546,CUST0939,MER0269,31042.04,2025-05-16 11:09:24.491100,Hyderabad,DEV99660,188.28.21.96
TXN0547,CUST0358,MER0145,20703.24,2025-07-19 22:38:24.491468,Hyderabad,DEV66369,92.45.57.211
TXN0548,CUST0896,MER0150,37269.0,2025-09-22 07:41:24.491859,Delhi,DEV96632,85.190.212.80
TXN0549,CUST0313,MER0063,19782.14,2025-04-24 11:42:24.492325,Chennai,DEV21382,80.204.180.202
TXN0550,CUST0968,MER0133,13796.64,2025-07-11 20:43:24.492709,Kolkata,DEV25987,24.71.102.41
TXN0551,CUST0271,MER0009,26295.97,2025-03-17 08:13:24.493085,Bangalore,DEV63636,37.130.100.96
TXN0552,CUST0049,MER0169,25030.21,2025-12-23 10:11:24.493456,Ahmedabad,DEV26551,173.251.52.6
TXN0553,CUST0224,MER0295,33453.7,2025-05-30 09:08:24.493826,Kolkata,DEV52413,25.11.75.72
TXN0554,CUST0162,MER0054,48367.24,2025-05-10 15:49:24.494233,Mumbai,DEV76287,126.191.30.247
TXN0555,CUST0118,MER0246,38086.57,2025-06-26 19:38:24.494609,Hyderabad,DEV34385,137.198.60.134
TXN0556,CUST0646,MER0212,37067.0,2025-06-30 11:49:24.494975,Mumbai,DEV48475,77.109.1.201
TXN0557,CUST0310,MER0143,28338.58,2025-09-24 16:58:24.495351,Delhi,DEV40116,124.82.51.109
TXN0558,CUST0626,MER0115,28333.01,2026-02-13 01:00:24.495722,Hyderabad,DEV28982,63.111.100.4
TXN0559,CUST0798,MER0059,10209.97,2025-07-05 19:03:24.496088,Pune,DEV65687,39.90.237.163
TXN0560,CUST0542,MER0201,9523.83,2025-05-04 19:17:24.496495,Ahmedabad,DEV51999,112.23.251.11
TXN0561,CUST0569,MER0221,48542.91,2026-01-17 11:18:24.496866,Chennai,DEV41476,104.190.87.222
TXN0562,CUST0268,MER0185,27632.0,2025-11-22 21:13:24.497266,Hyderabad,DEV75191,177.9.52.206
TXN0563,CUST0227,MER0044,3633.22,2025-05-25 12:34:24.497650,Mumbai,DEV90134,66.53.254.72
TXN0564,CUST0304,MER0094,28598.340000000004,2025-08-02 23:58:24.498024,Delhi,DEV69437,162.35.117.193
TXN0565,CUST0318,MER0235,43934.49,2025-10-14 16:44:24.498397,Pune,DEV41726,77.105.117.103
TXN0566,CUST0462,MER0297,20790.1,2025-03-09 08:06:24.498768,Pune,DEV66524,20.100.55.16
TXN0567,CUST0554,MER0015,1643.15,2025-03-30 19:12:24.499136,Bangalore,DEV75578,136.87.99.89
TXN0568,CUST0288,MER0196,37665.63,2026-02-02 01:01:24.499514,Delhi,DEV75907,37.148.154.44
TXN0569,CUST0996,MER0250,21913.33,2025-10-04 03:28:24.499880,Kolkata,DEV68334,107.81.49.27
TXN0570,CUST0039,MER0155,10399.89,2025-09-17 04:48:24.500276,Chennai,DEV65255,74.41.240.9
TXN0571,CUST0811,MER0188,47362.99,2025-12-06 00:05:24.500650,Kolkata,DEV11785,51.62.85.101
TXN0572,CUST0347,MER0093,22428.3,2025-09-07 06:02:24.501019,Bangalore,DEV19289,13.106.251.40
TXN0573,CUST0137,MER0267,198803.48,2025-04-13 22:57:24.501391,Kolkata,DEV81197,107.202.176.74
TXN0574,CUST0588,MER0056,10784.16,2026-02-21 22:56:24.501766,Chennai,DEV25031,191.69.167.237
TXN0575,CUST0419,MER0240,22054.25,2025-03-10 02:15:24.502132,Pune,DEV39602,10.196.246.62
TXN0576,CUST0374,MER0006,21882.6,2025-07-24 01:08:24.502504,Ahmedabad,DEV13265,55.232.103.232
TXN0577,CUST0356,MER0162,12463.68,2026-01-29 00:40:24.502871,Hyderabad,DEV76155,33.113.221.148
TXN0578,CUST0081,MER0089,45512.66,2025-05-05 12:08:24.503236,Kolkata,DEV24896,26.243.229.185
TXN0579,CUST0175,MER0121,5847.52,2025-10-11 06:59:24.503600,Kolkata,DEV61502,103.58.102.92
TXN0580,CUST0070,MER0298,40476.88,2026-02-19 03:28:24.504074,Bangalore,DEV85341,85.151.11.202
TXN0581,CUST0678,MER0068,14640.78,2025-08-20 04:29:24.505208,Pune,DEV55789,102.71.150.235
TXN0582,CUST0266,MER0280,23133.87,2026-01-05 14:16:24.505964,Ahmedabad,DEV55318,179.197.76.27
TXN0583,CUST0267,MER0212,5302.48,2025-04-25 23:58:24.506352,Kolkata,DEV16599,139.114.193.206
TXN0584,CUST0369,MER0278,11377.23,2025-07-17 01:07:24.506723,Ahmedabad,DEV20417,186.244.68.240
TXN0585,CUST0348,MER0259,43611.77,2026-01-26 00:48:24.507094,Hyderabad,DEV19225,87.39.110.49
TXN0586,CUST0822,MER0300,39099.24,2025-09-04 17:32:24.507464,Kolkata,DEV22334,104.129.6.139
TXN0587,CUST0937,MER0260,36238.11,2025-12-13 22:26:24.507831,Chennai,DEV96462,191.50.46.164
TXN0588,CUST0463,MER0294,38473.35,2026-01-19 00:51:24.508224,Bangalore,DEV22648,41.105.102.94
TXN0589,CUST0049,MER0062,26550.48,2025-06-10 04:42:24.508612,Hyderabad,DEV26551,173.251.52.6
TXN0590,CUST0567,MER0213,40369.05,2025-04-19 04:15:24.508983,Delhi,DEV25098,46.148.225.99
TXN0591,CUST0051,MER0249,14574.49,2026-02-08 08:58:24.509360,Chennai,DEV91057,67.194.230.226
TXN0592,CUST0361,MER0054,29391.97,2025-04-15 10:41:24.509733,Hyderabad,DEV28526,187.9.192.22
TXN0593,CUST0326,MER0057,24704.65,2025-12-01 00:48:24.510101,Ahmedabad,DEV76904,134.228.40.195
TXN0594,CUST0767,MER0131,49984.68,2025-05-17 15:46:24.510472,Delhi,DEV42794,149.105.253.182
TXN0595,CUST0148,MER0058,18790.27,2025-08-18 08:37:24.510844,Kolkata,DEV83912,24.236.157.11
TXN0596,CUST0662,MER0196,42501.37,2025-11-20 23:10:24.511211,Mumbai,DEV83727,109.205.139.105
TXN0597,CUST0837,MER0101,10125.81,2025-10-01 20:38:24.511579,Ahmedabad,DEV36649,121.46.125.78
TXN0598,CUST0854,MER0010,76218.1,2025-06-06 14:25:24.511950,Mumbai,DEV86668,52.180.220.212
TXN0599,CUST0824,MER0086,526.12,2025-08-19 10:14:24.512349,Pune,DEV68114,173.31.160.49
TXN0600,CUST0701,MER0179,3577.86,2025-09-19 23:07:24.512719,Ahmedabad,DEV81102,119.171.58.90
TXN0601,CUST0639,MER0094,19869.08,2025-04-08 08:44:24.513091,Bangalore,DEV22984,22.87.162.199
TXN0602,CUST0613,MER0163,20711.6,2025-10-13 00:29:24.513461,Ahmedabad,DEV58599,184.175.161.122
TXN0603,CUST0814,MER0088,8009.3,2025-08-27 11:48:24.513827,Mumbai,DEV33491,48.240.34.2
TXN0604,CUST0908,MER0205,69883.96,2026-01-16 01:06:24.514194,Hyderabad,DEV49320,10.38.128.159
TXN0605,CUST0743,MER0081,7553.96,2025-10-04 02:53:24.514569,Hyderabad,DEV99564,61.128.69.213
TXN0606,CUST0978,MER0211,10926.13,2025-12-11 11:37:24.514942,Hyderabad,DEV74779,65.213.251.6
TXN0607,CUST0718,MER0298,20117.14,2025-07-18 22:28:24.515310,Bangalore,DEV97994,29.215.222.162
TXN0608,CUST0177,MER0152,33207.37,2025-11-27 04:30:24.515676,Pune,DEV57124,189.43.55.127
TXN0609,CUST0680,MER0133,31178.88,2026-02-13 09:15:24.516043,Hyderabad,DEV42118,29.6.213.76
TXN0610,CUST0210,MER0055,11159.53,2025-05-28 04:55:24.516462,Kolkata,DEV70807,104.252.100.125
TXN0611,CUST0873,MER0115,35221.58,2025-12-09 03:05:24.516848,Delhi,DEV16695,91.37.100.244
TXN0612,CUST0156,MER0049,47488.34,2025-12-01 03:34:24.517219,Kolkata,DEV36651,94.40.230.189
TXN0613,CUST0934,MER0058,35564.33,2025-05-28 01:02:24.517585,Pune,DEV67763,190.90.76.227
TXN0614,CUST0549,MER0256,49571.78,2025-09-28 05:51:24.517949,Delhi,DEV26118,45.143.221.107
TXN0615,CUST0269,MER0285,26866.31,2025-08-11 20:38:24.518314,Bangalore,DEV95799,181.233.174.186
TXN0616,CUST0690,MER0001,2138.59,2025-08-13 00:21:24.518677,Ahmedabad,DEV70390,76.242.131.226
TXN0617,CUST0538,MER0246,12235.15,2025-09-19 13:37:24.519038,Pune,DEV47156,65.93.250.1
TXN0618,CUST0289,MER0205,37449.23,2025-12-28 10:30:24.519413,Bangalore,DEV61248,149.151.73.152
TXN0619,CUST0675,MER0093,5598.54,2025-12-16 06:58:24.519780,Pune,DEV18822,38.218.142.74
TXN0620,CUST0184,MER0039,29020.379999999997,2026-02-18 20:13:24.520198,Hyderabad,DEV98094,44.160.60.122
TXN0621,CUST0260,MER0273,10855.74,2025-12-31 20:11:24.520601,Ahmedabad,DEV81845,137.106.246.169
TXN0622,CUST0940,MER0291,38626.56,2025-03-06 02:52:24.521017,Ahmedabad,DEV60449,58.180.26.222
TXN0623,CUST0458,MER0079,41270.86,2025-08-02 11:18:24.521411,Kolkata,DEV35403,170.93.48.85
TXN0624,CUST0540,MER0050,32587.87,2025-06-08 07:45:24.521787,Delhi,DEV80909,21.226.142.45
TXN0625,CUST0021,MER0030,10974.81,2025-07-20 16:31:24.522158,Mumbai,DEV96951,36.68.135.59
TXN0626,CUST0764,MER0087,35314.46,2026-01-27 05:35:24.522527,Chennai,DEV59444,188.64.220.218
TXN0627,CUST0553,MER0173,19355.32,2025-08-08 23:02:24.522891,Chennai,DEV49738,66.119.252.185
TXN0628,CUST0830,MER0092,13514.94,2025-05-31 22:22:24.523265,Mumbai,DEV56550,158.186.178.230
TXN0629,CUST0567,MER0083,46245.99,2025-04-18 00:15:24.523632,Mumbai,DEV25098,46.148.225.99
TXN0630,CUST0408,MER0274,34878.35,2025-12-05 15:09:24.523996,Pune,DEV76269,29.142.129.67
TXN0631,CUST0879,MER0117,8873.75,2025-05-18 23:01:24.524393,Pune,DEV29003,88.170.181.161
TXN0632,CUST0904,MER0105,10732.36,2025-06-24 16:00:24.524780,Delhi,DEV54693,134.233.49.175
TXN0633,CUST0651,MER0059,44164.81,2025-05-25 17:46:24.525203,Pune,DEV99356,192.65.166.204
TXN0634,CUST0254,MER0223,27611.98,2026-01-03 05:53:24.525580,Chennai,DEV58903,13.164.97.9
TXN0635,CUST0518,MER0081,10064.24,2025-11-03 07:19:24.525956,Bangalore,DEV77286,161.249.118.31
TXN0636,CUST0554,MER0261,36557.18,2025-11-04 18:00:24.526326,Bangalore,DEV75578,136.87.99.89
TXN0637,CUST0615,MER0033,26422.47,2025-09-13 07:09:24.526694,Mumbai,DEV93633,92.8.184.23
TXN0638,CUST0918,MER0247,24655.49,2026-01-09 09:55:24.527062,Pune,DEV32551,137.45.170.180
TXN0639,CUST0741,MER0190,41277.83,2025-12-04 05:17:24.527427,Delhi,DEV75797,180.79.44.138
TXN0640,CUST0833,MER0137,12375.64,2026-01-19 10:49:24.527792,Ahmedabad,DEV53871,96.51.95.183
TXN0641,CUST0980,MER0210,5847.78,2025-06-14 07:50:24.528186,Hyderabad,DEV46769,152.174.169.99
TXN0642,CUST0430,MER0297,42662.91,2025-04-03 22:23:24.528570,Kolkata,DEV94523,103.145.107.222
TXN0643,CUST0510,MER0092,36723.87,2026-02-18 07:05:24.528990,Bangalore,DEV48103,129.223.40.244
TXN0644,CUST0386,MER0189,34799.6,2025-08-06 12:33:24.529379,Bangalore,DEV56346,26.76.143.15
TXN0645,CUST0363,MER0295,41473.36,2025-12-18 19:29:24.529753,Chennai,DEV21537,57.101.234.11
TXN0646,CUST0520,MER0290,44556.55,2025-12-05 19:37:24.530124,Chennai,DEV61166,116.184.241.82
TXN0647,CUST0688,MER0223,31417.45,2026-02-22 15:10:24.530490,Kolkata,DEV48121,102.220.20.198
TXN0648,CUST0594,MER0012,22258.14,2025-04-11 14:48:24.530855,Pune,DEV91777,104.22.34.111
TXN0649,CUST0312,MER0033,76451.7,2025-05-09 10:32:24.531220,Kolkata,DEV96099,142.146.99.17
TXN0650,CUST0801,MER0235,15356.61,2025-03-15 14:41:24.531590,Hyderabad,DEV31828,147.105.56.168
TXN0651,CUST0872,MER0293,14218.49,2025-10-09 03:25:24.531978,Chennai,DEV82348,81.46.97.32
TXN0652,CUST0822,MER0259,42350.52,2025-12-31 16:28:24.532407,Chennai,DEV22334,104.129.6.139
TXN0653,CUST0470,MER0266,47186.76,2025-09-04 23:32:24.532780,Delhi,DEV89058,113.248.142.75
TXN0654,CUST0300,MER0300,26689.87,2025-10-14 20:37:24.533147,Mumbai,DEV28214,122.84.117.39
TXN0655,CUST0171,MER0264,40312.11,2026-02-21 19:47:24.533512,Delhi,DEV82642,33.166.197.6
TXN0656,CUST0033,MER0084,19929.59,2025-07-08 04:32:24.533876,Pune,DEV77889,128.25.127.62
TXN0657,CUST0617,MER0032,913.73,2025-05-25 00:40:24.534242,Kolkata,DEV98219,150.239.86.228
TXN0658,CUST0107,MER0114,37.23,2025-05-26 11:22:24.534615,Chennai,DEV28191,190.240.229.2
TXN0659,CUST0824,MER0022,16500.7,2025-09-23 08:05:24.534981,Chennai,DEV68114,173.31.160.49
TXN0660,CUST0755,MER0243,13102.96,2026-01-03 12:35:24.535345,Pune,DEV41013,36.89.196.215
TXN0661,CUST0243,MER0008,22432.11,2025-07-13 17:59:24.535710,Delhi,DEV16626,102.101.140.188
TXN0662,CUST0696,MER0177,36012.99,2025-03-16 17:51:24.536079,Hyderabad,DEV28577,27.140.207.41
TXN0663,CUST0018,MER0184,19376.25,2026-01-08 12:41:24.536473,Chennai,DEV40828,113.61.126.20
TXN0664,CUST0555,MER0151,21605.34,2025-05-12 04:25:24.536842,Ahmedabad,DEV98832,146.129.232.1
TXN0665,CUST0935,MER0010,32684.85,2025-05-31 14:47:24.537213,Pune,DEV77959,52.51.254.98
TXN0666,CUST0823,MER0018,1571.19,2025-04-09 23:30:24.537578,Hyderabad,DEV94875,149.53.19.189
TXN0667,CUST0126,MER0025,11554.0,2025-09-28 20:41:24.537942,Bangalore,DEV58567,141.54.163.123
TXN0668,CUST0961,MER0023,19675.8,2025-10-09 08:36:24.538353,Pune,DEV68632,15.251.176.173
TXN0669,CUST0952,MER0206,40926.83,2025-08-20 00:38:24.538735,Mumbai,DEV30072,126.184.114.73
TXN0670,CUST0807,MER0065,5850.29,2025-09-03 10:19:24.539102,Pune,DEV61595,105.55.231.114
TXN0671,CUST0141,MER0162,46622.62,2025-11-28 00:03:24.539528,Bangalore,DEV74930,57.148.19.4
TXN0672,CUST0009,MER0170,11803.23,2025-04-07 09:15:24.539907,Kolkata,DEV93748,139.101.78.191
TXN0673,CUST0031,MER0133,24950.21,2025-06-26 17:38:24.540352,Kolkata,DEV21114,82.171.47.120
TXN0674,CUST0334,MER0191,29868.41,2025-04-25 16:37:24.540755,Bangalore,DEV65343,170.122.139.145
TXN0675,CUST0844,MER0119,26723.53,2025-09-20 05:26:24.541132,Delhi,DEV87352,76.101.232.222
TXN0676,CUST0295,MER0171,109306.26,2025-11-08 02:47:24.541501,Kolkata,DEV19882,14.15.207.108
TXN0677,CUST0131,MER0095,47325.78,2026-01-23 07:08:24.541872,Ahmedabad,DEV15100,45.170.242.233
TXN0678,CUST0798,MER0074,31669.03,2025-07-04 14:47:24.542238,Pune,DEV65687,39.90.237.163
TXN0679,CUST0549,MER0280,36578.01,2025-04-16 18:22:24.542604,Hyderabad,DEV26118,45.143.221.107
TXN0680,CUST0329,MER0284,16242.95,2025-11-26 11:15:24.542970,Kolkata,DEV20911,36.134.79.43
TXN0681,CUST0862,MER0178,7005.76,2025-09-20 02:32:24.543338,Delhi,DEV78126,130.197.36.213
TXN0682,CUST0336,MER0251,18418.49,2026-01-14 15:53:24.543708,Mumbai,DEV11075,69.46.77.7
TXN0683,CUST0054,MER0271,42585.46,2026-02-02 18:38:24.544080,Delhi,DEV29528,78.72.36.30
TXN0684,CUST0466,MER0158,13469.56,2025-11-01 18:17:24.544483,Chennai,DEV71066,38.69.253.184
TXN0685,CUST0145,MER0153,21923.64,2025-06-01 06:10:24.544858,Kolkata,DEV30934,113.159.60.151
TXN0686,CUST0809,MER0237,5962.93,2025-05-05 20:13:24.545225,Ahmedabad,DEV63983,89.172.77.18
TXN0687,CUST0297,MER0105,1841.98,2025-10-31 14:25:24.545590,Mumbai,DEV68487,50.91.74.247
TXN0688,CUST0128,MER0272,10896.48,2026-01-16 03:13:24.545953,Chennai,DEV41552,65.180.24.25
TXN0689,CUST0660,MER0267,45923.02,2025-11-25 15:58:24.546317,Mumbai,DEV43099,153.177.187.229
TXN0690,CUST0519,MER0274,44482.33,2025-05-18 03:35:24.546682,Bangalore,DEV94696,98.229.223.10
TXN0691,CUST0487,MER0101,492.04,2025-05-18 16:46:24.547046,Hyderabad,DEV24000,54.109.140.225
TXN0692,CUST0321,MER0093,6120.13,2025-03-09 20:31:24.547409,Hyderabad,DEV98356,63.194.51.166
TXN0693,CUST0218,MER0168,36449.64,2025-06-24 13:54:24.547773,Delhi,DEV65923,54.181.109.95
TXN0694,CUST0885,MER0055,17818.46,2025-03-12 14:45:24.548156,Kolkata,DEV89117,15.71.61.210
TXN0695,CUST0391,MER0255,4390.24,2025-06-26 15:10:24.548534,Pune,DEV25002,13.52.105.179
TXN0696,CUST0607,MER0204,29446.63,2026-01-24 20:43:24.548905,Chennai,DEV20531,142.96.216.84
TXN0697,CUST0140,MER0295,12855.06,2025-08-18 09:07:24.549280,Pune,DEV47409,175.30.45.118
TXN0698,CUST0928,MER0175,2642.39,2025-05-02 11:20:24.549716,Mumbai,DEV80568,188.155.169.119
TXN0699,CUST0115,MER0025,26617.98,2025-05-19 19:27:24.550097,Chennai,DEV68447,164.218.85.227
TXN0700,CUST0545,MER0120,41634.69,2025-03-13 07:36:24.550472,Bangalore,DEV40997,136.197.58.137
TXN0701,CUST0088,MER0277,29726.6,2025-03-24 13:39:24.550841,Kolkata,DEV92991,17.46.110.192
TXN0702,CUST0302,MER0200,13854.0,2025-06-08 13:38:24.551209,Ahmedabad,DEV85008,47.28.85.132
TXN0703,CUST0449,MER0088,28056.39,2025-08-21 14:36:24.551579,Hyderabad,DEV72781,20.71.59.157
TXN0704,CUST0130,MER0266,37097.44,2025-04-30 04:46:24.551947,Bangalore,DEV82070,81.60.65.49
TXN0705,CUST0764,MER0299,23143.41,2025-05-27 10:15:24.552341,Delhi,DEV59444,188.64.220.218
TXN0706,CUST0307,MER0271,27026.99,2025-04-05 09:59:24.552715,Ahmedabad,DEV40475,31.145.209.131
TXN0707,CUST0474,MER0008,46312.25,2025-05-05 13:38:24.553081,Kolkata,DEV80699,156.240.243.80
TXN0708,CUST0831,MER0051,39497.48,2025-11-13 16:26:24.553444,Bangalore,DEV94673,184.147.106.175
TXN0709,CUST0401,MER0268,5249.51,2025-11-25 06:44:24.553809,Mumbai,DEV46989,17.120.221.201
TXN0710,CUST0515,MER0175,37601.76,2025-05-29 02:08:24.554174,Delhi,DEV12082,188.96.13.107
TXN0711,CUST0625,MER0252,41716.26,2026-01-17 20:59:24.554538,Hyderabad,DEV47098,82.99.201.49
TXN0712,CUST0909,MER0012,36897.05,2025-04-16 07:59:24.554908,Bangalore,DEV41780,110.81.214.200
TXN0713,CUST0456,MER0240,28858.84,2025-08-21 19:48:24.555273,Pune,DEV72978,154.223.132.243
TXN0714,CUST0600,MER0107,11058.35,2025-08-20 03:17:24.555638,Hyderabad,DEV36787,70.40.218.239
TXN0715,CUST0552,MER0011,37729.66,2025-07-04 06:57:24.556003,Hyderabad,DEV70646,104.98.227.4
TXN0716,CUST0690,MER0203,1008.56,2025-12-27 02:21:24.564633,Chennai,DEV70390,76.242.131.226
TXN0717,CUST0082,MER0006,12438.5,2025-05-31 01:03:24.565350,Ahmedabad,DEV72781,112.218.55.251
TXN0718,CUST0662,MER0162,17484.59,2025-10-25 06:30:24.565939,Mumbai,DEV83727,109.205.139.105
TXN0719,CUST0707,MER0272,65644.88,2025-05-30 02:03:24.566508,Mumbai,DEV67333,12.78.14.40
TXN0720,CUST0901,MER0070,14973.85,2025-02-26 15:44:24.567079,Pune,DEV34199,178.154.168.236
TXN0721,CUST0352,MER0272,24814.51,2025-08-16 17:49:24.567505,Ahmedabad,DEV51275,15.141.79.48
TXN0722,CUST0707,MER0179,25487.75,2025-04-26 17:21:24.567885,Chennai,DEV67333,12.78.14.40
TXN0723,CUST0248,MER0031,35218.68,2025-04-12 19:23:24.568311,Hyderabad,DEV41496,24.206.163.71
TXN0724,CUST0770,MER0221,4526.48,2025-04-08 20:29:24.568692,Chennai,DEV46433,160.196.153.43
TXN0725,CUST0343,MER0198,41022.36,2025-10-27 11:26:24.569066,Bangalore,DEV74237,58.95.178.165
TXN0726,CUST0809,MER0060,5072.09,2025-10-01 22:32:24.569437,Mumbai,DEV63983,89.172.77.18
TXN0727,CUST0859,MER0261,136654.71,2025-06-30 14:46:24.569812,Kolkata,DEV31818,155.241.46.189
TXN0728,CUST0609,MER0216,49838.46,2025-03-31 17:31:24.570184,Mumbai,DEV64767,144.213.147.220
TXN0729,CUST0256,MER0152,8862.69,2026-01-15 17:06:24.570547,Kolkata,DEV34697,52.206.9.116
TXN0730,CUST0837,MER0212,3836.4,2026-01-04 10:13:24.570944,Ahmedabad,DEV36649,121.46.125.78
TXN0731,CUST0332,MER0105,66979.04,2025-04-07 20:31:24.571315,Mumbai,DEV27865,98.146.240.4
TXN0732,CUST0039,MER0097,33467.25,2025-05-24 05:49:24.571698,Ahmedabad,DEV65255,74.41.240.9
TXN0733,CUST0009,MER0136,7144.07,2025-07-27 23:30:24.572070,Bangalore,DEV93748,139.101.78.191
TXN0734,CUST0522,MER0053,13172.22,2025-10-17 08:40:24.572466,Ahmedabad,DEV18344,96.220.58.116
TXN0735,CUST0774,MER0297,11503.54,2025-09-17 22:58:24.572838,Mumbai,DEV15060,167.140.185.137
TXN0736,CUST0589,MER0023,20925.27,2025-08-05 21:13:24.573253,Mumbai,DEV31150,53.9.51.90
TXN0737,CUST0178,MER0259,26833.69,2025-10-07 10:25:24.573628,Ahmedabad,DEV43913,66.113.228.191
TXN0738,CUST0893,MER0164,37722.4,2025-09-01 02:03:24.573997,Chennai,DEV74108,164.183.162.212
TXN0739,CUST0786,MER0169,26886.5,2025-07-10 01:03:24.574363,Ahmedabad,DEV27351,141.198.216.181
TXN0740,CUST0273,MER0101,1073.44,2025-07-24 12:22:24.574726,Delhi,DEV86692,133.90.88.65
TXN0741,CUST0776,MER0197,41958.79,2025-10-11 06:08:24.575094,Mumbai,DEV89996,151.160.32.225
TXN0742,CUST0970,MER0107,29536.47,2025-06-05 03:25:24.575460,Ahmedabad,DEV20427,55.101.134.73
TXN0743,CUST0482,MER0227,32598.46,2025-08-27 13:43:24.575823,Chennai,DEV36299,103.236.75.123
TXN0744,CUST0291,MER0244,22480.86,2025-10-22 02:43:24.576206,Mumbai,DEV43127,59.58.92.27
TXN0745,CUST0638,MER0058,47104.56,2025-09-01 23:25:24.576630,Pune,DEV59628,36.63.89.156
TXN0746,CUST0191,MER0280,6394.54,2025-12-20 18:41:24.577015,Bangalore,DEV42447,183.201.250.72
TXN0747,CUST0947,MER0135,3400.33,2025-12-01 22:00:24.577396,Delhi,DEV28711,123.21.96.107
TXN0748,CUST0742,MER0183,22516.01,2025-12-21 05:40:24.577772,Kolkata,DEV98932,173.197.216.204
TXN0749,CUST0058,MER0254,34476.46,2025-03-03 21:51:24.578143,Chennai,DEV52372,39.206.0.236
TXN0750,CUST0381,MER0123,42011.03,2025-04-04 03:54:24.578511,Ahmedabad,DEV73394,186.147.218.162
TXN0751,CUST0317,MER0051,47738.03,2025-12-16 01:09:24.578877,Kolkata,DEV47655,33.204.175.38
TXN0752,CUST0477,MER0015,29373.21,2025-05-17 14:48:24.579245,Pune,DEV52744,19.235.216.215
TXN0753,CUST0887,MER0295,20349.62,2025-11-26 00:34:24.579610,Delhi,DEV77305,32.239.97.37
TXN0754,CUST0863,MER0153,39674.61,2025-11-24 20:57:24.579974,Kolkata,DEV62218,20.186.204.225
TXN0755,CUST0711,MER0110,34511.36,2026-01-07 02:23:24.580369,Kolkata,DEV89515,18.60.175.177
TXN0756,CUST0539,MER0221,24849.25,2025-08-15 23:54:24.580751,Chennai,DEV28156,139.235.230.229
TXN0757,CUST0712,MER0087,2813.97,2025-12-12 04:55:24.581139,Hyderabad,DEV80248,15.78.110.186
TXN0758,CUST0243,MER0201,44664.19,2025-07-29 06:49:24.581511,Delhi,DEV16626,102.101.140.188
TXN0759,CUST0202,MER0210,47922.22,2025-05-05 05:57:24.581877,Hyderabad,DEV38277,20.30.203.146
TXN0760,CUST0620,MER0161,1510.95,2026-01-08 14:42:24.582243,Bangalore,DEV21492,38.45.174.96
TXN0761,CUST0818,MER0289,48285.19,2026-02-13 15:44:24.582608,Ahmedabad,DEV10032,92.39.26.70
TXN0762,CUST0771,MER0018,32720.88,2025-12-02 00:52:24.582981,Delhi,DEV34173,178.220.26.156
TXN0763,CUST0833,MER0195,28322.92,2025-06-11 14:01:24.583352,Delhi,DEV53871,96.51.95.183
TXN0764,CUST0508,MER0073,9290.04,2026-02-14 21:37:24.583743,Kolkata,DEV50645,185.67.183.49
TXN0765,CUST0812,MER0058,49939.69,2026-01-01 11:47:24.584136,Delhi,DEV62350,12.151.60.222
TXN0766,CUST0007,MER0233,12849.2,2025-10-24 16:54:24.584515,Bangalore,DEV86484,112.185.112.70
TXN0767,CUST0778,MER0155,14663.86,2025-12-22 00:34:24.584884,Bangalore,DEV15863,163.120.179.55
TXN0768,CUST0407,MER0008,7212.1,2025-11-26 22:59:24.585324,Kolkata,DEV49855,154.133.31.242
TXN0769,CUST0146,MER0009,29171.22,2025-09-23 06:05:24.585831,Ahmedabad,DEV71712,147.111.126.41
TXN0770,CUST0486,MER0093,18797.62,2026-02-15 23:14:24.586244,Bangalore,DEV75568,40.128.254.46
TXN0771,CUST0641,MER0181,15797.16,2025-11-04 01:27:24.586620,Pune,DEV67535,100.239.146.141
TXN0772,CUST0477,MER0154,36012.8,2026-02-14 08:49:24.586989,Kolkata,DEV52744,19.235.216.215
TXN0773,CUST0848,MER0184,29221.46,2025-09-01 02:33:24.587364,Mumbai,DEV62525,15.94.131.40
TXN0774,CUST0109,MER0295,33374.07,2025-09-16 12:20:24.587733,Delhi,DEV41711,46.149.219.0
TXN0775,CUST0441,MER0277,44043.3,2025-03-04 20:11:24.588096,Pune,DEV99158,118.141.27.32
TXN0776,CUST0570,MER0220,39560.27,2025-06-08 08:31:24.588494,Bangalore,DEV42053,21.96.150.76
TXN0777,CUST0389,MER0031,45393.65,2025-06-15 13:40:24.588860,Kolkata,DEV77652,183.67.105.18
TXN0778,CUST0025,MER0262,37462.58,2025-07-17 08:22:24.589227,Delhi,DEV97806,73.136.81.55
TXN0779,CUST0113,MER0293,1636.12,2025-09-30 10:03:24.589595,Bangalore,DEV56789,22.169.139.63
TXN0780,CUST0308,MER0023,2527.09,2025-05-10 06:11:24.589965,Chennai,DEV51405,114.185.54.79
TXN0781,CUST0986,MER0066,41681.95,2025-09-13 22:40:24.590335,Kolkata,DEV59155,150.13.222.165
TXN0782,CUST0277,MER0230,47228.0,2026-02-06 13:47:24.590703,Delhi,DEV18130,186.151.104.16
TXN0783,CUST0989,MER0271,20516.82,2025-10-09 16:46:24.591068,Bangalore,DEV41360,24.12.26.115
TXN0784,CUST0010,MER0087,3305.24,2025-12-03 23:10:24.591433,Ahmedabad,DEV57576,88.122.29.123
TXN0785,CUST0761,MER0076,43312.33,2025-08-27 19:57:24.591795,Chennai,DEV44194,61.171.30.71
TXN0786,CUST0003,MER0032,1040.85,2025-05-22 13:33:24.592182,Chennai,DEV59615,30.150.185.98
TXN0787,CUST0762,MER0207,45354.64,2025-04-30 02:18:24.592558,Delhi,DEV89954,189.18.177.36
TXN0788,CUST0259,MER0061,20315.63,2026-02-26 05:20:24.592932,Delhi,DEV47054,39.54.254.101
TXN0789,CUST0772,MER0078,41021.79,2025-12-17 08:26:24.593300,Chennai,DEV13584,97.222.218.29
TXN0790,CUST0760,MER0298,33665.97,2025-05-07 06:28:24.593666,Mumbai,DEV19801,146.123.159.204
TXN0791,CUST0555,MER0173,15017.08,2026-01-15 12:30:24.594034,Ahmedabad,DEV98832,146.129.232.1
TXN0792,CUST0398,MER0126,2041.12,2026-02-15 10:05:24.594401,Kolkata,DEV68355,55.157.207.35
TXN0793,CUST0256,MER0223,5945.85,2026-01-08 06:04:24.594770,Chennai,DEV34697,52.206.9.116
TXN0794,CUST0085,MER0050,26174.33,2026-01-14 19:52:24.595184,Hyderabad,DEV66606,34.190.66.30
TXN0795,CUST0338,MER0257,7084.67,2025-05-09 20:48:24.595560,Mumbai,DEV68059,73.17.101.235
TXN0796,CUST0267,MER0007,3430.0,2025-11-14 19:09:24.595962,Chennai,DEV16599,139.114.193.206
TXN0797,CUST0421,MER0016,22329.42,2025-08-18 11:19:24.596378,Kolkata,DEV92941,122.97.71.18
TXN0798,CUST0912,MER0140,43162.88,2025-07-20 15:48:24.596755,Mumbai,DEV86674,53.249.149.115
TXN0799,CUST0564,MER0071,13357.16,2025-04-03 06:56:24.597171,Bangalore,DEV83328,23.216.176.100
TXN0800,CUST0553,MER0047,34439.03,2025-12-12 01:16:24.597563,Chennai,DEV49738,66.119.252.185
TXN0801,CUST0611,MER0148,48407.62,2025-12-12 17:48:24.597932,Mumbai,DEV26342,80.32.175.15
TXN0802,CUST0513,MER0036,24849.06,2025-03-11 19:00:24.598335,Bangalore,DEV34535,64.94.40.132
TXN0803,CUST0809,MER0184,31862.3,2025-11-20 16:38:24.598760,Bangalore,DEV63983,89.172.77.18
TXN0804,CUST0228,MER0177,49787.33,2026-02-19 05:39:24.599162,Delhi,DEV42707,187.34.179.131
TXN0805,CUST0097,MER0287,47521.38,2025-05-20 07:36:24.599552,Delhi,DEV87867,139.196.236.21
TXN0806,CUST0704,MER0215,46914.02,2025-04-12 00:07:24.599926,Hyderabad,DEV47172,78.135.157.212
TXN0807,CUST0019,MER0147,33281.28,2025-08-08 02:01:24.600357,Mumbai,DEV27154,181.153.234.161
TXN0808,CUST0617,MER0089,10960.97,2025-10-14 16:31:24.600748,Mumbai,DEV98219,150.239.86.228
TXN0809,CUST0131,MER0288,12122.72,2025-12-15 15:52:24.601117,Mumbai,DEV15100,45.170.242.233
TXN0810,CUST0901,MER0090,10033.19,2025-12-23 11:10:24.601534,Pune,DEV34199,178.154.168.236
TXN0811,CUST0092,MER0065,7389.8,2025-10-14 12:12:24.601925,Chennai,DEV12456,127.39.160.219
TXN0812,CUST0770,MER0167,11227.17,2025-10-17 20:33:24.602303,Mumbai,DEV46433,160.196.153.43
TXN0813,CUST0313,MER0091,44692.74,2025-07-16 16:43:24.602716,Kolkata,DEV21382,80.204.180.202
TXN0814,CUST0990,MER0013,5362.48,2026-01-12 19:42:24.603090,Mumbai,DEV93142,181.202.9.148
TXN0815,CUST0737,MER0105,48202.3,2025-09-21 14:03:24.603462,Bangalore,DEV85705,188.220.184.105
TXN0816,CUST0359,MER0286,48055.52,2026-01-15 14:31:24.603873,Bangalore,DEV67961,169.74.225.22
TXN0817,CUST0326,MER0052,37475.17,2025-12-24 15:15:24.604270,Bangalore,DEV76904,134.228.40.195
TXN0818,CUST0004,MER0261,19605.31,2025-07-27 07:06:24.604667,Pune,DEV93320,103.83.189.181
TXN0819,CUST0955,MER0205,47635.65,2025-12-22 21:53:24.605050,Ahmedabad,DEV61488,46.240.55.231
TXN0820,CUST0419,MER0280,22105.47,2025-10-11 10:39:24.605416,Ahmedabad,DEV39602,10.196.246.62
TXN0821,CUST0083,MER0082,57826.54,2025-04-05 23:34:24.605820,Ahmedabad,DEV86724,150.166.195.150
TXN0822,CUST0523,MER0156,25034.92,2025-06-24 20:48:24.606206,Bangalore,DEV29815,186.53.25.224
TXN0823,CUST0885,MER0140,40586.63,2025-09-23 04:38:24.606579,Pune,DEV89117,15.71.61.210
TXN0824,CUST0772,MER0194,27388.71,2026-01-02 01:52:24.606985,Hyderabad,DEV13584,97.222.218.29
TXN0825,CUST0444,MER0130,30234.02,2025-08-29 00:35:24.607368,Kolkata,DEV40451,143.171.210.175
TXN0826,CUST0177,MER0009,48495.13,2025-03-26 07:40:24.607745,Kolkata,DEV57124,189.43.55.127
TXN0827,CUST0091,MER0064,5062.76,2025-02-28 10:26:24.608160,Chennai,DEV53007,40.3.254.220
TXN0828,CUST0083,MER0272,7346.12,2025-10-23 05:03:24.608543,Pune,DEV86724,150.166.195.150
TXN0829,CUST0231,MER0173,33861.64,2025-10-02 13:02:24.608944,Bangalore,DEV66911,50.27.51.169
TXN0830,CUST0541,MER0265,13868.6,2025-07-27 12:56:24.609325,Pune,DEV85609,23.96.243.9
TXN0831,CUST0887,MER0010,17372.36,2026-01-08 02:55:24.609695,Bangalore,DEV77305,32.239.97.37
TXN0832,CUST0835,MER0190,15556.99,2025-03-27 06:40:24.610100,Delhi,DEV62527,161.14.83.85
TXN0833,CUST0191,MER0127,43160.86,2025-12-28 07:32:24.610477,Mumbai,DEV42447,183.201.250.72
TXN0834,CUST0762,MER0271,21199.96,2025-10-27 14:48:24.610845,Delhi,DEV89954,189.18.177.36
TXN0835,CUST0658,MER0259,19258.68,2026-01-28 23:47:24.611248,Mumbai,DEV87189,145.190.121.141
TXN0836,CUST0207,MER0054,29737.78,2025-05-21 11:18:24.611622,Mumbai,DEV85223,182.59.116.1
TXN0837,CUST0827,MER0142,1631.36,2026-02-20 23:38:24.611991,Ahmedabad,DEV21284,154.237.45.59
TXN0838,CUST0247,MER0055,37513.12,2025-06-17 06:51:24.612416,Ahmedabad,DEV94848,162.144.152.55
TXN0839,CUST0569,MER0213,2288.9,2026-01-04 09:09:24.612790,Pune,DEV41476,104.190.87.222
TXN0840,CUST0160,MER0182,34190.31,2025-04-18 04:11:24.613180,Kolkata,DEV42208,137.172.131.250
TXN0841,CUST0664,MER0146,42271.6,2025-04-07 15:05:24.613565,Hyderabad,DEV37521,146.59.0.177
TXN0842,CUST0944,MER0005,31438.03,2026-01-18 23:29:24.613953,Hyderabad,DEV96895,186.114.36.58
TXN0843,CUST0543,MER0085,35311.38,2026-02-15 13:58:24.614371,Bangalore,DEV32040,83.73.93.130
TXN0844,CUST0693,MER0228,26134.09,2026-02-25 14:49:24.614760,Ahmedabad,DEV94211,146.238.55.43
TXN0845,CUST0058,MER0117,23402.73,2025-07-30 02:30:24.615135,Mumbai,DEV52372,39.206.0.236
TXN0846,CUST0525,MER0057,38962.07,2025-07-02 01:49:24.615542,Chennai,DEV36462,122.212.3.125
TXN0847,CUST0901,MER0197,12573.2,2025-06-21 02:23:24.615915,Chennai,DEV34199,178.154.168.236
TXN0848,CUST0858,MER0117,2025.52,2025-07-27 12:02:24.616322,Delhi,DEV63778,58.14.114.70
TXN0849,CUST0008,MER0094,39915.46,2025-05-23 05:14:24.616714,Hyderabad,DEV79352,74.5.58.136
TXN0850,CUST0477,MER0257,1583.58,2025-12-02 09:41:24.617085,Kolkata,DEV52744,19.235.216.215
TXN0851,CUST0787,MER0070,10672.23,2025-08-09 00:47:24.617491,Delhi,DEV24125,21.37.181.229
TXN0852,CUST0039,MER0197,30127.22,2025-08-15 12:35:24.617875,Ahmedabad,DEV65255,74.41.240.9
TXN0853,CUST0683,MER0242,1005.96,2025-07-15 08:14:24.618244,Hyderabad,DEV83307,164.39.239.244
TXN0854,CUST0635,MER0061,12302.93,2025-08-24 07:10:24.618637,Bangalore,DEV60040,176.83.204.233
TXN0855,CUST0057,MER0060,83876.18,2025-09-28 01:33:24.619013,Bangalore,DEV52081,181.53.82.168
TXN0856,CUST0203,MER0187,2330.57,2025-03-31 13:08:24.619383,Kolkata,DEV77017,62.79.167.200
TXN0857,CUST0161,MER0145,42428.25,2025-03-04 06:13:24.619841,Delhi,DEV34123,148.30.17.38
TXN0858,CUST0887,MER0114,28898.59,2025-10-02 12:03:24.620339,Kolkata,DEV77305,32.239.97.37
TXN0859,CUST0226,MER0013,520.84,2026-01-03 06:30:24.620824,Delhi,DEV32983,106.157.150.65
TXN0860,CUST0324,MER0118,2352.07,2026-01-06 17:59:24.621223,Delhi,DEV51383,134.153.128.24
TXN0861,CUST0737,MER0187,38184.9,2025-02-26 12:33:24.621626,Kolkata,DEV85705,188.220.184.105
TXN0862,CUST0814,MER0126,11562.11,2025-04-18 19:43:24.622058,Kolkata,DEV33491,48.240.34.2
TXN0863,CUST0096,MER0002,16299.32,2025-12-28 20:59:24.622442,Ahmedabad,DEV67961,171.155.140.28
TXN0864,CUST0788,MER0080,24534.29,2025-05-03 16:03:24.622872,Delhi,DEV87274,140.42.77.3
TXN0865,CUST0253,MER0283,16854.63,2026-01-02 01:23:24.623257,Delhi,DEV32099,157.81.250.45
TXN0866,CUST0930,MER0253,16482.49,2026-01-08 01:43:24.623627,Hyderabad,DEV95119,136.61.169.45
TXN0867,CUST0510,MER0260,4932.13,2025-08-25 21:48:24.624060,Pune,DEV48103,129.223.40.244
TXN0868,CUST0655,MER0024,38123.74,2025-04-26 15:47:24.624491,Chennai,DEV16678,107.208.156.118
TXN0869,CUST0020,MER0079,14788.83,2025-09-30 16:09:24.624919,Hyderabad,DEV27361,99.35.125.189
TXN0870,CUST0433,MER0237,23433.51,2026-02-08 18:53:24.625344,Ahmedabad,DEV69996,59.183.138.103
TXN0871,CUST0472,MER0105,3066.7,2025-06-15 15:50:24.625719,Hyderabad,DEV76164,76.175.9.16
TXN0872,CUST0270,MER0247,26582.62,2025-04-04 22:27:24.626128,Mumbai,DEV69314,39.49.113.1
TXN0873,CUST0499,MER0163,15351.71,2025-11-02 13:56:24.626534,Bangalore,DEV15965,11.129.195.154
TXN0874,CUST0304,MER0038,42028.43,2025-06-14 19:12:24.626906,Ahmedabad,DEV69437,162.35.117.193
TXN0875,CUST0393,MER0026,8108.26,2025-11-30 19:41:24.627350,Pune,DEV87693,171.228.182.159
TXN0876,CUST0413,MER0076,44676.21,2025-11-23 12:24:24.627747,Kolkata,DEV11110,27.6.210.50
TXN0877,CUST0460,MER0214,21436.25,2025-12-20 05:29:24.628165,Pune,DEV27200,14.245.178.159
TXN0878,CUST0148,MER0245,47280.31,2025-03-02 23:36:24.628588,Chennai,DEV83912,24.236.157.11
TXN0879,CUST0991,MER0206,23799.64,2025-03-10 01:35:24.629005,Bangalore,DEV10937,99.41.188.84
TXN0880,CUST0542,MER0221,36104.56,2025-06-28 10:54:24.629412,Pune,DEV51999,112.23.251.11
TXN0881,CUST0711,MER0016,39868.58,2025-06-07 13:32:24.629785,Chennai,DEV89515,18.60.175.177
TXN0882,CUST0711,MER0172,39010.8,2025-10-29 21:57:24.630216,Hyderabad,DEV89515,18.60.175.177
TXN0883,CUST0704,MER0269,47180.08,2025-04-24 01:27:24.630610,Chennai,DEV47172,78.135.157.212
TXN0884,CUST0761,MER0043,47850.08,2025-09-12 10:03:24.631003,Ahmedabad,DEV44194,61.171.30.71
TXN0885,CUST0264,MER0005,15720.39,2025-03-14 09:10:24.631410,Hyderabad,DEV87430,133.224.92.194
TXN0886,CUST0060,MER0243,25014.58,2025-07-04 14:12:24.631793,Hyderabad,DEV39451,39.236.60.78
TXN0887,CUST0163,MER0224,42528.41,2025-05-02 07:02:24.632213,Mumbai,DEV98346,120.91.54.49
TXN0888,CUST0801,MER0270,12991.0,2025-11-26 14:44:24.632622,Pune,DEV31828,147.105.56.168
TXN0889,CUST0134,MER0234,36434.85,2025-11-27 04:12:24.632997,Bangalore,DEV12482,122.160.214.77
TXN0890,CUST0659,MER0076,24112.45,2026-01-04 03:04:24.633410,Ahmedabad,DEV68427,35.38.175.154
TXN0891,CUST0667,MER0251,21302.06,2025-12-27 14:51:24.633807,Pune,DEV72784,33.253.92.235
TXN0892,CUST0799,MER0151,7889.16,2025-05-24 18:50:24.634190,Kolkata,DEV40783,17.148.137.110
TXN0893,CUST0566,MER0207,28860.45,2025-10-31 04:34:24.634600,Bangalore,DEV91778,64.122.246.169
TXN0894,CUST0856,MER0218,47768.14,2026-02-22 23:20:24.634985,Bangalore,DEV88544,81.163.185.54
TXN0895,CUST0921,MER0093,37346.4,2025-05-11 12:57:24.635358,Delhi,DEV54585,146.181.203.68
TXN0896,CUST0912,MER0137,9227.39,2025-08-07 21:26:24.635763,Delhi,DEV86674,53.249.149.115
TXN0897,CUST0560,MER0013,43418.89,2025-07-11 15:01:24.636161,Mumbai,DEV49514,166.221.33.52
TXN0898,CUST0826,MER0042,20009.11,2025-11-19 15:01:24.636543,Mumbai,DEV46113,165.101.209.88
TXN0899,CUST0702,MER0006,47068.7,2025-09-30 11:45:24.636951,Chennai,DEV47125,189.50.44.53
TXN0900,CUST0856,MER0235,9185.16,2025-10-06 17:21:24.637333,Chennai,DEV88544,81.163.185.54
TXN0901,CUST0884,MER0226,8003.89,2025-10-07 15:30:24.637729,Chennai,DEV18913,189.160.184.228
TXN0902,CUST0006,MER0277,11122.4,2025-05-15 04:10:24.638113,Pune,DEV84341,90.108.255.202
TXN0903,CUST0333,MER0134,3052.67,2025-08-31 10:11:24.638482,Hyderabad,DEV10946,150.191.96.210
TXN0904,CUST0619,MER0113,36910.62,2025-11-04 01:28:24.638874,Bangalore,DEV39334,157.33.175.193
TXN0905,CUST0506,MER0093,27050.5,2026-01-14 00:00:24.639257,Delhi,DEV91574,125.166.66.108
TXN0906,CUST0228,MER0179,32614.35,2025-09-27 11:05:24.639628,Pune,DEV42707,187.34.179.131
TXN0907,CUST0851,MER0221,35929.13,2025-07-10 17:16:24.640037,Hyderabad,DEV12368,191.166.113.32
TXN0908,CUST0465,MER0086,27652.71,2025-09-24 18:44:24.640533,Ahmedabad,DEV72221,103.94.225.54
TXN0909,CUST0767,MER0192,1179.51,2026-02-26 13:03:24.640953,Pune,DEV42794,149.105.253.182
TXN0910,CUST0003,MER0215,37411.7,2025-08-24 16:03:24.641340,Mumbai,DEV59615,30.150.185.98
TXN0911,CUST0559,MER0006,33258.72,2026-01-05 11:04:24.641710,Bangalore,DEV67478,34.228.63.43
TXN0912,CUST0170,MER0096,38584.65,2025-08-20 20:01:24.642102,Chennai,DEV21995,11.157.227.184
TXN0913,CUST0287,MER0133,27115.27,2026-02-09 11:43:24.642482,Bangalore,DEV92603,113.221.161.8
TXN0914,CUST0357,MER0099,12370.84,2025-12-01 05:47:24.642849,Chennai,DEV75774,121.66.69.246
TXN0915,CUST0042,MER0079,40481.28,2025-03-30 19:35:24.643251,Mumbai,DEV49529,185.61.21.177
TXN0916,CUST0906,MER0116,49465.64,2025-10-04 19:07:24.643629,Mumbai,DEV12191,60.181.77.24
TXN0917,CUST0415,MER0298,25219.64,2025-05-19 12:39:24.643998,Chennai,DEV19924,173.232.141.218
TXN0918,CUST0774,MER0126,9645.48,2025-12-05 20:03:24.644440,Chennai,DEV15060,167.140.185.137
TXN0919,CUST0168,MER0219,6621.81,2025-05-28 05:35:24.644816,Chennai,DEV19963,97.203.167.15
TXN0920,CUST0852,MER0138,37635.4,2026-01-12 00:01:24.645211,Mumbai,DEV54642,91.177.227.77
TXN0921,CUST0342,MER0202,15659.72,2025-04-19 10:18:24.645598,Bangalore,DEV94495,98.224.98.10
TXN0922,CUST0121,MER0074,12143.92,2025-06-17 17:45:24.645970,Delhi,DEV72739,144.210.209.37
TXN0923,CUST0317,MER0191,13899.98,2026-01-25 05:33:24.646357,Bangalore,DEV47655,33.204.175.38
TXN0924,CUST0888,MER0138,32049.45,2025-05-13 23:00:24.646743,Ahmedabad,DEV85395,96.232.221.10
TXN0925,CUST0816,MER0051,29301.98,2025-11-26 17:29:24.647114,Delhi,DEV62857,75.103.39.78
TXN0926,CUST0103,MER0247,18625.13,2025-08-06 01:30:24.647527,Kolkata,DEV41133,123.145.229.119
TXN0927,CUST0155,MER0261,31481.47,2025-08-06 21:33:24.647905,Delhi,DEV34101,147.242.123.115
TXN0928,CUST0146,MER0014,133556.73,2025-07-25 02:29:24.648298,Pune,DEV71712,147.111.126.41
TXN0929,CUST0760,MER0273,45120.26,2025-09-19 01:40:24.648707,Mumbai,DEV19801,146.123.159.204
TXN0930,CUST0723,MER0055,3149.1,2025-03-10 22:02:24.649082,Hyderabad,DEV15646,38.24.155.38
TXN0931,CUST0326,MER0049,13552.58,2025-12-18 02:20:24.649460,Delhi,DEV76904,134.228.40.195
TXN0932,CUST0683,MER0026,25876.06,2025-07-15 13:59:24.649879,Ahmedabad,DEV83307,164.39.239.244
TXN0933,CUST0268,MER0239,30277.18,2025-12-24 18:13:24.650254,Kolkata,DEV75191,177.9.52.206
TXN0934,CUST0158,MER0048,25090.9,2025-10-29 07:05:24.650669,Kolkata,DEV47101,107.238.183.157
TXN0935,CUST0692,MER0165,35023.59,2025-05-27 02:20:24.651057,Bangalore,DEV83505,12.79.53.148
TXN0936,CUST0993,MER0004,15132.53,2025-05-25 14:26:24.651429,Mumbai,DEV63174,62.94.57.21
TXN0937,CUST0650,MER0196,41477.45,2025-11-17 23:01:24.651867,Chennai,DEV27521,111.215.169.16
TXN0938,CUST0604,MER0286,21505.62,2026-01-09 18:02:24.652276,Mumbai,DEV74166,88.36.209.19
TXN0939,CUST0479,MER0278,33278.95,2025-07-20 21:54:24.652657,Hyderabad,DEV19872,147.109.147.135
TXN0940,CUST0805,MER0184,36764.69,2025-05-31 23:04:24.653098,Bangalore,DEV64444,15.7.77.48
TXN0941,CUST0329,MER0224,142131.88,2025-06-28 01:32:24.653474,Kolkata,DEV20911,36.134.79.43
TXN0942,CUST0494,MER0065,32926.52,2025-12-02 18:38:24.653870,Chennai,DEV90216,170.117.45.236
TXN0943,CUST0653,MER0164,36858.32,2026-01-16 11:32:24.654253,Bangalore,DEV66223,73.78.95.127
TXN0944,CUST0177,MER0094,43480.12,2026-02-23 02:23:24.654623,Bangalore,DEV57124,189.43.55.127
TXN0945,CUST0815,MER0208,8408.45,2025-09-26 15:46:24.655023,Pune,DEV30506,27.179.115.176
TXN0946,CUST0779,MER0129,44041.79,2025-04-03 05:52:24.655398,Bangalore,DEV94133,119.144.73.12
TXN0947,CUST0252,MER0141,4368.6,2025-05-11 11:46:24.655765,Mumbai,DEV36253,97.209.234.73
TXN0948,CUST0621,MER0214,19727.01,2025-03-08 15:55:24.664218,Bangalore,DEV34885,109.216.163.186
TXN0949,CUST0001,MER0135,45928.85,2025-09-05 04:20:24.664658,Hyderabad,DEV28289,36.44.216.16
TXN0950,CUST0190,MER0035,23865.93,2025-10-04 09:55:24.665043,Mumbai,DEV85069,78.48.69.210
TXN0951,CUST0630,MER0039,2504.61,2026-01-14 11:43:24.665425,Chennai,DEV23033,93.32.94.207
TXN0952,CUST0206,MER0276,30963.16,2025-12-21 00:38:24.665836,Ahmedabad,DEV78662,26.134.39.254
TXN0953,CUST0973,MER0114,19122.25,2026-02-24 07:55:24.666212,Pune,DEV87088,102.33.134.163
TXN0954,CUST0955,MER0271,7186.87,2025-06-23 08:55:24.666586,Hyderabad,DEV61488,46.240.55.231
TXN0955,CUST0410,MER0057,46174.21,2025-07-28 04:27:24.666985,Pune,DEV93568,52.107.176.27
TXN0956,CUST0401,MER0145,43709.0,2025-06-02 07:35:24.667360,Bangalore,DEV46989,17.120.221.201
TXN0957,CUST0475,MER0089,10002.26,2025-07-26 03:29:24.667760,Pune,DEV18050,17.23.65.187
TXN0958,CUST0878,MER0115,33668.1,2025-11-13 23:07:24.668181,Pune,DEV61935,53.80.80.166
TXN0959,CUST0659,MER0133,14162.88,2026-01-10 16:38:24.668571,Bangalore,DEV68427,35.38.175.154
TXN0960,CUST0733,MER0051,19460.58,2025-10-08 20:50:24.668968,Chennai,DEV19103,52.95.170.233
TXN0961,CUST0476,MER0241,32928.03,2025-08-12 13:34:24.669343,Ahmedabad,DEV63992,99.28.125.126
TXN0962,CUST0916,MER0017,21105.27,2025-03-09 23:07:24.669709,Kolkata,DEV13360,65.92.12.168
TXN0963,CUST0185,MER0024,40941.28,2025-07-23 03:27:24.670111,Hyderabad,DEV34347,134.88.85.250
TXN0964,CUST0103,MER0262,27528.45,2026-02-17 03:04:24.670483,Ahmedabad,DEV41133,123.145.229.119
TXN0965,CUST0579,MER0097,8630.05,2025-03-07 00:55:24.670858,Bangalore,DEV99884,113.153.166.11
TXN0966,CUST0225,MER0228,15389.55,2025-10-14 03:08:24.671394,Ahmedabad,DEV49552,92.69.80.223
TXN0967,CUST0276,MER0177,21425.75,2025-09-08 23:25:24.671784,Pune,DEV11673,143.54.12.195
TXN0968,CUST0460,MER0292,38045.17,2026-02-22 00:35:24.672198,Kolkata,DEV27200,14.245.178.159
TXN0969,CUST0379,MER0116,18931.23,2025-12-18 16:22:24.672584,Mumbai,DEV64651,55.82.145.90
TXN0970,CUST0479,MER0089,9901.02,2025-07-19 06:12:24.672958,Kolkata,DEV19872,147.109.147.135
TXN0971,CUST0013,MER0002,29785.05,2025-11-02 13:02:24.673385,Hyderabad,DEV73624,64.67.242.124
TXN0972,CUST0321,MER0247,37098.51,2025-10-13 00:52:24.673772,Pune,DEV98356,63.194.51.166
TXN0973,CUST0241,MER0165,39013.69,2025-04-25 05:04:24.674144,Mumbai,DEV52056,78.213.45.96
TXN0974,CUST0226,MER0245,26686.19,2025-10-15 08:30:24.674582,Mumbai,DEV32983,106.157.150.65
TXN0975,CUST0867,MER0211,36854.59,2025-09-29 22:28:24.674956,Kolkata,DEV37742,159.155.75.6
TXN0976,CUST0469,MER0027,19815.0,2025-08-19 03:23:24.675380,Ahmedabad,DEV87982,113.62.119.217
TXN0977,CUST0987,MER0180,43924.73,2025-10-18 16:03:24.675770,Ahmedabad,DEV18372,27.71.77.52
TXN0978,CUST0898,MER0199,37753.37,2025-08-04 11:58:24.676159,Delhi,DEV63432,21.193.86.80
TXN0979,CUST0305,MER0045,25978.17,2025-06-07 06:19:24.676595,Mumbai,DEV72373,167.19.60.47
TXN0980,CUST0153,MER0232,95096.56,2025-03-08 00:21:24.676974,Chennai,DEV17398,45.148.119.163
TXN0981,CUST0042,MER0233,32494.11,2025-05-15 17:56:24.677345,Kolkata,DEV49529,185.61.21.177
TXN0982,CUST0373,MER0211,37647.41,2025-07-23 04:36:24.677746,Mumbai,DEV77760,46.237.231.46
TXN0983,CUST0254,MER0228,13357.78,2025-07-24 11:25:24.678117,Chennai,DEV58903,13.164.97.9
TXN0984,CUST0406,MER0248,32234.16,2025-03-23 23:56:24.678508,Pune,DEV55029,146.5.240.232
TXN0985,CUST0811,MER0062,27404.2,2025-12-20 00:10:24.678895,Bangalore,DEV11785,51.62.85.101
TXN0986,CUST0910,MER0244,45562.12,2025-04-04 21:08:24.679265,Delhi,DEV29902,62.227.72.141
TXN0987,CUST0790,MER0263,22611.58,2025-04-01 13:30:24.679679,Hyderabad,DEV25538,83.140.249.224
TXN0988,CUST0779,MER0169,33815.88,2026-02-03 17:27:24.680066,Chennai,DEV94133,119.144.73.12
TXN0989,CUST0210,MER0156,33990.07,2025-12-02 07:25:24.680468,Ahmedabad,DEV70807,104.252.100.125
TXN0990,CUST0025,MER0162,39943.01,2025-04-06 19:03:24.680879,Mumbai,DEV97806,73.136.81.55
TXN0991,CUST0653,MER0155,28554.38,2025-12-18 02:13:24.681252,Ahmedabad,DEV66223,73.78.95.127
TXN0992,CUST0664,MER0288,21135.15,2025-03-06 03:23:24.681623,Pune,DEV37521,146.59.0.177
TXN0993,CUST0454,MER0016,20362.68,2025-11-14 00:04:24.682026,Mumbai,DEV82596,135.21.154.155
TXN0994,CUST0412,MER0084,28898.24,2025-03-18 05:27:24.682398,Chennai,DEV56376,120.139.171.138
TXN0995,CUST0595,MER0298,8873.79,2025-06-11 10:52:24.682795,Bangalore,DEV52513,171.198.68.170
TXN0996,CUST0576,MER0079,20939.79,2025-09-14 23:08:24.683197,Chennai,DEV99592,80.97.70.133
TXN0997,CUST0469,MER0004,26699.33,2025-09-22 10:41:24.683574,Bangalore,DEV87982,113.62.119.217
TXN0998,CUST0299,MER0081,1520.05,2025-03-07 11:23:24.683970,Chennai,DEV87028,177.39.128.192
TXN0999,CUST0090,MER0122,47882.49,2025-09-25 08:17:24.684390,Mumbai,DEV98895,183.249.157.23
TXN1000,CUST0368,MER0290,30528.68,2025-07-27 15:56:24.684777,Pune,DEV34632,37.67.94.13
